[2025-11-19 15:14:41Z INFO HostContext] No proxy settings were found based on environmental variables (http_proxy/https_proxy/HTTP_PROXY/HTTPS_PROXY)
[2025-11-19 15:14:41Z INFO HostContext] Well known directory 'Bin': 'C:\Users\Alumno\Downloads\lab_microp\Laboratorio-Microprocesadores\actions-runner\bin'
[2025-11-19 15:14:41Z INFO HostContext] Well known directory 'Root': 'C:\Users\Alumno\Downloads\lab_microp\Laboratorio-Microprocesadores\actions-runner'
[2025-11-19 15:14:41Z INFO HostContext] Well known config file 'Credentials': 'C:\Users\Alumno\Downloads\lab_microp\Laboratorio-Microprocesadores\actions-runner\.credentials'
[2025-11-19 15:14:41Z INFO HostContext] Well known directory 'Bin': 'C:\Users\Alumno\Downloads\lab_microp\Laboratorio-Microprocesadores\actions-runner\bin'
[2025-11-19 15:14:41Z INFO HostContext] Well known directory 'Root': 'C:\Users\Alumno\Downloads\lab_microp\Laboratorio-Microprocesadores\actions-runner'
[2025-11-19 15:14:41Z INFO HostContext] Well known config file 'Runner': 'C:\Users\Alumno\Downloads\lab_microp\Laboratorio-Microprocesadores\actions-runner\.runner'
[2025-11-19 15:14:41Z INFO Worker] Version: 2.329.0
[2025-11-19 15:14:41Z INFO Worker] Commit: c76c59996c8fa32e989164a5a695efb12608ae5a
[2025-11-19 15:14:41Z INFO Worker] Culture: es-CL
[2025-11-19 15:14:41Z INFO Worker] UI Culture: es-MX
[2025-11-19 15:14:41Z INFO Worker] Waiting to receive the job message from the channel.
[2025-11-19 15:14:41Z INFO ProcessChannel] Receiving message of length 22062, with hash 'd78bb96115d0e9adedbf1bd8bb2c35965afd39c802217b29849c874d8807df59'
[2025-11-19 15:14:41Z INFO Worker] Message received.
[2025-11-19 15:14:41Z INFO Worker] Job message:
 {
  "fileTable": [
    ".github/workflows/cml.yaml"
  ],
  "mask": [
    {
      "type": "regex",
      "value": "***"
    },
    {
      "type": "regex",
      "value": "***"
    },
    {
      "type": "regex",
      "value": "***"
    },
    {
      "type": "regex",
      "value": "***"
    },
    {
      "type": "regex",
      "value": "***"
    },
    {
      "type": "regex",
      "value": "***"
    },
    {
      "type": "regex",
      "value": "***"
    },
    {
      "type": "regex",
      "value": "***"
    },
    {
      "type": "regex",
      "value": "***"
    },
    {
      "type": "regex",
      "value": "***"
    },
    {
      "type": "regex",
      "value": "***"
    },
    {
      "type": "regex",
      "value": "***"
    },
    {
      "type": "regex",
      "value": "***"
    },
    {
      "type": "regex",
      "value": "***"
    },
    {
      "type": "regex",
      "value": "***"
    },
    {
      "type": "regex",
      "value": "***"
    },
    {
      "type": "regex",
      "value": "***"
    },
    {
      "type": "regex",
      "value": "***"
    }
  ],
  "steps": [
    {
      "type": "action",
      "reference": {
        "type": "repository",
        "name": "actions/checkout",
        "ref": "v3",
        "repositoryType": "GitHub"
      },
      "displayNameToken": {
        "type": 0,
        "file": 1,
        "line": 10,
        "col": 13,
        "lit": "Checkout code"
      },
      "contextName": "__actions_checkout",
      "condition": "success()",
      "id": "705cce17-a454-4861-b303-114dc65aab0f",
      "name": "__actions_checkout"
    },
    {
      "type": "action",
      "reference": {
        "type": "repository",
        "name": "actions/setup-python",
        "ref": "v3",
        "repositoryType": "GitHub"
      },
      "displayNameToken": {
        "type": 0,
        "file": 1,
        "line": 13,
        "col": 13,
        "lit": "Set up Python"
      },
      "contextName": "__actions_setup-python",
      "inputs": {
        "type": 2,
        "file": 1,
        "line": 16,
        "col": 9,
        "map": [
          {
            "key": {
              "type": 0,
              "file": 1,
              "line": 16,
              "col": 9,
              "lit": "python-version"
            },
            "value": {
              "type": 0,
              "file": 1,
              "line": 16,
              "col": 25,
              "lit": "3.8"
            }
          }
        ]
      },
      "condition": "success()",
      "id": "7028c0fa-da7c-42c6-9b16-73dded7786ab",
      "name": "__actions_setup-python"
    },
    {
      "type": "action",
      "reference": {
        "type": "script"
      },
      "displayNameToken": {
        "type": 0,
        "file": 1,
        "line": 18,
        "col": 13,
        "lit": "Install dependencies"
      },
      "contextName": "__run",
      "inputs": {
        "type": 2,
        "map": [
          {
            "key": "script",
            "value": {
              "type": 0,
              "file": 1,
              "line": 19,
              "col": 12,
              "lit": "python -m pip install --upgrade pip\npip install -r requirements.txt\n"
            }
          }
        ]
      },
      "condition": "success()",
      "id": "ee9ec51c-5823-4341-a078-1f64ab147f00",
      "name": "__run"
    },
    {
      "type": "action",
      "reference": {
        "type": "script"
      },
      "displayNameToken": {
        "type": 0,
        "file": 1,
        "line": 23,
        "col": 13,
        "lit": "Run training"
      },
      "contextName": "__run_2",
      "inputs": {
        "type": 2,
        "map": [
          {
            "key": "script",
            "value": {
              "type": 0,
              "file": 1,
              "line": 24,
              "col": 12,
              "lit": "python train.py"
            }
          }
        ]
      },
      "condition": "success()",
      "id": "88c265d2-2239-42b3-9a1e-c0c9dd409e13",
      "name": "__run_2"
    },
    {
      "type": "action",
      "reference": {
        "type": "repository",
        "name": "actions/upload-artifact",
        "ref": "v4",
        "repositoryType": "GitHub"
      },
      "displayNameToken": {
        "type": 0,
        "file": 1,
        "line": 26,
        "col": 13,
        "lit": "Upload plot"
      },
      "contextName": "__actions_upload-artifact",
      "inputs": {
        "type": 2,
        "file": 1,
        "line": 29,
        "col": 9,
        "map": [
          {
            "key": {
              "type": 0,
              "file": 1,
              "line": 29,
              "col": 9,
              "lit": "name"
            },
            "value": {
              "type": 0,
              "file": 1,
              "line": 29,
              "col": 15,
              "lit": "temperature-prediction-plot"
            }
          },
          {
            "key": {
              "type": 0,
              "file": 1,
              "line": 30,
              "col": 9,
              "lit": "path"
            },
            "value": {
              "type": 0,
              "file": 1,
              "line": 30,
              "col": 15,
              "lit": "prediction_plot.png"
            }
          }
        ]
      },
      "condition": "success()",
      "id": "2ddc3007-c782-42c4-9db4-912f0325cc61",
      "name": "__actions_upload-artifact"
    },
    {
      "type": "action",
      "reference": {
        "type": "repository",
        "name": "actions/upload-artifact",
        "ref": "v4",
        "repositoryType": "GitHub"
      },
      "displayNameToken": {
        "type": 0,
        "file": 1,
        "line": 32,
        "col": 13,
        "lit": "Upload model"
      },
      "contextName": "__actions_upload-artifact_2",
      "inputs": {
        "type": 2,
        "file": 1,
        "line": 35,
        "col": 9,
        "map": [
          {
            "key": {
              "type": 0,
              "file": 1,
              "line": 35,
              "col": 9,
              "lit": "name"
            },
            "value": {
              "type": 0,
              "file": 1,
              "line": 35,
              "col": 15,
              "lit": "random-forest-model"
            }
          },
          {
            "key": {
              "type": 0,
              "file": 1,
              "line": 36,
              "col": 9,
              "lit": "path"
            },
            "value": {
              "type": 0,
              "file": 1,
              "line": 36,
              "col": 15,
              "lit": "random_forest_model.pkl"
            }
          }
        ]
      },
      "condition": "success()",
      "id": "38ed7794-a18b-4179-8bf4-fcbf5126ba02",
      "name": "__actions_upload-artifact_2"
    }
  ],
  "variables": {
    "Actions.EnableHttpRedirects": {
      "value": "true"
    },
    "DistributedTask.AddWarningToNode12Action": {
      "value": "true"
    },
    "DistributedTask.AddWarningToNode16Action": {
      "value": "true"
    },
    "DistributedTask.AllowRunnerContainerHooks": {
      "value": "true"
    },
    "DistributedTask.DeprecateStepOutputCommands": {
      "value": "true"
    },
    "DistributedTask.DetailUntarFailure": {
      "value": "true"
    },
    "DistributedTask.EnableCompositeActions": {
      "value": "true"
    },
    "DistributedTask.EnableJobServerQueueTelemetry": {
      "value": "true"
    },
    "DistributedTask.EnhancedAnnotations": {
      "value": "true"
    },
    "DistributedTask.ForceGithubJavascriptActionsToNode16": {
      "value": "true"
    },
    "DistributedTask.ForceGithubJavascriptActionsToNode20": {
      "value": "true"
    },
    "DistributedTask.LogTemplateErrorsAsDebugMessages": {
      "value": "true"
    },
    "DistributedTask.MarkJobAsFailedOnWorkerCrash": {
      "value": "true"
    },
    "DistributedTask.NewActionMetadata": {
      "value": "true"
    },
    "DistributedTask.UploadStepSummary": {
      "value": "true"
    },
    "DistributedTask.UseActionArchiveCache": {
      "value": "true"
    },
    "DistributedTask.UseWhich2": {
      "value": "true"
    },
    "RunService.FixEmbeddedIssues": {
      "value": "true"
    },
    "actions_add_check_run_id_to_job_context": {
      "value": "true"
    },
    "actions_container_action_runner_temp": {
      "value": "false"
    },
    "actions_display_helpful_actions_download_errors": {
      "value": "true"
    },
    "actions_skip_retry_complete_job_upon_known_errors": {
      "value": "true"
    },
    "actions_uses_cache_service_v2": {
      "value": "true"
    },
    "github_token": {
      "value": "***",
      "isSecret": true
    },
    "system.from_run_service": {
      "value": "true"
    },
    "system.github.job": {
      "value": "build"
    },
    "system.github.launch_endpoint": {
      "value": "https://launch.actions.githubusercontent.com"
    },
    "system.github.results_endpoint": {
      "value": "https://results-receiver.actions.githubusercontent.com/"
    },
    "system.github.results_upload_with_sdk": {
      "value": "true"
    },
    "system.github.token": {
      "value": "***",
      "isSecret": true
    },
    "system.github.token.permissions": {
      "value": "{\"Actions\":\"write\",\"ArtifactMetadata\":\"write\",\"Attestations\":\"write\",\"Checks\":\"write\",\"Contents\":\"write\",\"Deployments\":\"write\",\"Discussions\":\"write\",\"Issues\":\"write\",\"Metadata\":\"read\",\"Models\":\"read\",\"Packages\":\"write\",\"Pages\":\"write\",\"PullRequests\":\"write\",\"RepositoryProjects\":\"write\",\"SecurityEvents\":\"write\",\"Statuses\":\"write\"}"
    },
    "system.orchestrationId": {
      "value": "d4d76ce4-b84d-42f7-9276-f092f59238fa.build.__default"
    },
    "system.phaseDisplayName": {
      "value": "build"
    },
    "system.runner.lowdiskspacethreshold": {
      "value": "100"
    },
    "system.runnerEnvironment": {
      "value": "self-hosted"
    },
    "system.runnerGroupName": {
      "value": "Default"
    }
  },
  "messageType": "RunnerJobRequest",
  "plan": {
    "scopeIdentifier": "00000000-0000-0000-0000-000000000000",
    "planType": "actions",
    "version": 0,
    "planId": "d4d76ce4-b84d-42f7-9276-f092f59238fa",
    "planGroup": null,
    "artifactUri": null,
    "artifactLocation": null,
    "definition": null,
    "owner": null
  },
  "timeline": {
    "id": "d4d76ce4-b84d-42f7-9276-f092f59238fa",
    "changeId": 0,
    "location": null
  },
  "jobId": "13c5037c-bf3d-5845-8114-f254ee2eb7fb",
  "jobDisplayName": "build",
  "jobName": "__default",
  "requestId": 0,
  "lockedUntil": "0001-01-01T00:00:00",
  "resources": {
    "endpoints": [
      {
        "data": {
          "ServerId": "",
          "ServerName": "",
          "CacheServerUrl": "https://artifactcache.actions.githubusercontent.com/05xcxSvWrS6cua81tG1NiMvyKJnEqppNPMgL2vmgIDkoBN51bn/",
          "FeedStreamUrl": "wss://results-receiver.actions.githubusercontent.com/_ws/ingest.sock",
          "ResultsServiceUrl": "https://results-receiver.actions.githubusercontent.com/",
          "PipelinesServiceUrl": "https://pipelinesghubeus10.actions.githubusercontent.com/05xcxSvWrS6cua81tG1NiMvyKJnEqppNPMgL2vmgIDkoBN51bn/",
          "GenerateIdTokenUrl": ""
        },
        "name": "SystemVssConnection",
        "url": "https://run-actions-2-azure-eastus.actions.githubusercontent.com/48/",
        "authorization": {
          "parameters": {
            "AccessToken": "***"
          },
          "scheme": "OAuth"
        },
        "isShared": false,
        "isReady": true
      }
    ]
  },
  "contextData": {
    "github": {
      "t": 2,
      "d": [
        {
          "k": "ref",
          "v": "refs/heads/main"
        },
        {
          "k": "sha",
          "v": "bfcc6bc0e5096800a52e77736ebce30294c1dde8"
        },
        {
          "k": "repository",
          "v": "KakinSas/Laboratorio-Microprocesadores"
        },
        {
          "k": "repository_owner",
          "v": "KakinSas"
        },
        {
          "k": "repository_owner_id",
          "v": "164799343"
        },
        {
          "k": "repositoryUrl",
          "v": "git://github.com/KakinSas/Laboratorio-Microprocesadores.git"
        },
        {
          "k": "run_id",
          "v": "19506292255"
        },
        {
          "k": "run_number",
          "v": "5"
        },
        {
          "k": "retention_days",
          "v": "90"
        },
        {
          "k": "run_attempt",
          "v": "1"
        },
        {
          "k": "artifact_cache_size_limit",
          "v": "10"
        },
        {
          "k": "repository_visibility",
          "v": "public"
        },
        {
          "k": "actor_id",
          "v": "164799343"
        },
        {
          "k": "actor",
          "v": "KakinSas"
        },
        {
          "k": "workflow",
          "v": "CI for ML project"
        },
        {
          "k": "head_ref",
          "v": ""
        },
        {
          "k": "base_ref",
          "v": ""
        },
        {
          "k": "event_name",
          "v": "push"
        },
        {
          "k": "server_url",
          "v": "https://github.com"
        },
        {
          "k": "api_url",
          "v": "https://api.github.com"
        },
        {
          "k": "graphql_url",
          "v": "https://api.github.com/graphql"
        },
        {
          "k": "ref_name",
          "v": "main"
        },
        {
          "k": "ref_protected",
          "v": false
        },
        {
          "k": "ref_type",
          "v": "branch"
        },
        {
          "k": "secret_source",
          "v": "Actions"
        },
        {
          "k": "event",
          "v": {
            "t": 2,
            "d": [
              {
                "k": "after",
                "v": "bfcc6bc0e5096800a52e77736ebce30294c1dde8"
              },
              {
                "k": "base_ref",
                "v": null
              },
              {
                "k": "before",
                "v": "e75c4033a5766d2fae9ba5bf16988f6236438602"
              },
              {
                "k": "commits",
                "v": {
                  "t": 1,
                  "a": [
                    {
                      "t": 2,
                      "d": [
                        {
                          "k": "author",
                          "v": {
                            "t": 2,
                            "d": [
                              {
                                "k": "email",
                                "v": "dschurumbo@gmail.com"
                              },
                              {
                                "k": "name",
                                "v": "unknown"
                              },
                              {
                                "k": "username",
                                "v": "KakinSas"
                              }
                            ]
                          }
                        },
                        {
                          "k": "committer",
                          "v": {
                            "t": 2,
                            "d": [
                              {
                                "k": "email",
                                "v": "dschurumbo@gmail.com"
                              },
                              {
                                "k": "name",
                                "v": "unknown"
                              },
                              {
                                "k": "username",
                                "v": "KakinSas"
                              }
                            ]
                          }
                        },
                        {
                          "k": "distinct",
                          "v": true
                        },
                        {
                          "k": "id",
                          "v": "bfcc6bc0e5096800a52e77736ebce30294c1dde8"
                        },
                        {
                          "k": "message",
                          "v": "Prueba runner local"
                        },
                        {
                          "k": "timestamp",
                          "v": "2025-11-19T12:13:26-03:00"
                        },
                        {
                          "k": "tree_id",
                          "v": "3e836071c0dd8373e1080e3a07e6bb71dcf29bb9"
                        },
                        {
                          "k": "url",
                          "v": "https://github.com/KakinSas/Laboratorio-Microprocesadores/commit/bfcc6bc0e5096800a52e77736ebce30294c1dde8"
                        }
                      ]
                    }
                  ]
                }
              },
              {
                "k": "compare",
                "v": "https://github.com/KakinSas/Laboratorio-Microprocesadores/compare/e75c4033a576...bfcc6bc0e509"
              },
              {
                "k": "created",
                "v": false
              },
              {
                "k": "deleted",
                "v": false
              },
              {
                "k": "forced",
                "v": false
              },
              {
                "k": "head_commit",
                "v": {
                  "t": 2,
                  "d": [
                    {
                      "k": "author",
                      "v": {
                        "t": 2,
                        "d": [
                          {
                            "k": "email",
                            "v": "dschurumbo@gmail.com"
                          },
                          {
                            "k": "name",
                            "v": "unknown"
                          },
                          {
                            "k": "username",
                            "v": "KakinSas"
                          }
                        ]
                      }
                    },
                    {
                      "k": "committer",
                      "v": {
                        "t": 2,
                        "d": [
                          {
                            "k": "email",
                            "v": "dschurumbo@gmail.com"
                          },
                          {
                            "k": "name",
                            "v": "unknown"
                          },
                          {
                            "k": "username",
                            "v": "KakinSas"
                          }
                        ]
                      }
                    },
                    {
                      "k": "distinct",
                      "v": true
                    },
                    {
                      "k": "id",
                      "v": "bfcc6bc0e5096800a52e77736ebce30294c1dde8"
                    },
                    {
                      "k": "message",
                      "v": "Prueba runner local"
                    },
                    {
                      "k": "timestamp",
                      "v": "2025-11-19T12:13:26-03:00"
                    },
                    {
                      "k": "tree_id",
                      "v": "3e836071c0dd8373e1080e3a07e6bb71dcf29bb9"
                    },
                    {
                      "k": "url",
                      "v": "https://github.com/KakinSas/Laboratorio-Microprocesadores/commit/bfcc6bc0e5096800a52e77736ebce30294c1dde8"
                    }
                  ]
                }
              },
              {
                "k": "pusher",
                "v": {
                  "t": 2,
                  "d": [
                    {
                      "k": "email",
                      "v": "164799343+KakinSas@users.noreply.github.com"
                    },
                    {
                      "k": "name",
                      "v": "KakinSas"
                    }
                  ]
                }
              },
              {
                "k": "ref",
                "v": "refs/heads/main"
              },
              {
                "k": "repository",
                "v": {
                  "t": 2,
                  "d": [
                    {
                      "k": "allow_forking",
                      "v": true
                    },
                    {
                      "k": "archive_url",
                      "v": "https://api.github.com/repos/KakinSas/Laboratorio-Microprocesadores/{archive_format}{/ref}"
                    },
                    {
                      "k": "archived",
                      "v": false
                    },
                    {
                      "k": "assignees_url",
                      "v": "https://api.github.com/repos/KakinSas/Laboratorio-Microprocesadores/assignees{/user}"
                    },
                    {
                      "k": "blobs_url",
                      "v": "https://api.github.com/repos/KakinSas/Laboratorio-Microprocesadores/git/blobs{/sha}"
                    },
                    {
                      "k": "branches_url",
                      "v": "https://api.github.com/repos/KakinSas/Laboratorio-Microprocesadores/branches{/branch}"
                    },
                    {
                      "k": "clone_url",
                      "v": "https://github.com/KakinSas/Laboratorio-Microprocesadores.git"
                    },
                    {
                      "k": "collaborators_url",
                      "v": "https://api.github.com/repos/KakinSas/Laboratorio-Microprocesadores/collaborators{/collaborator}"
                    },
                    {
                      "k": "comments_url",
                      "v": "https://api.github.com/repos/KakinSas/Laboratorio-Microprocesadores/comments{/number}"
                    },
                    {
                      "k": "commits_url",
                      "v": "https://api.github.com/repos/KakinSas/Laboratorio-Microprocesadores/commits{/sha}"
                    },
                    {
                      "k": "compare_url",
                      "v": "https://api.github.com/repos/KakinSas/Laboratorio-Microprocesadores/compare/{base}...{head}"
                    },
                    {
                      "k": "contents_url",
                      "v": "https://api.github.com/repos/KakinSas/Laboratorio-Microprocesadores/contents/{+path}"
                    },
                    {
                      "k": "contributors_url",
                      "v": "https://api.github.com/repos/KakinSas/Laboratorio-Microprocesadores/contributors"
                    },
                    {
                      "k": "created_at",
                      "v": 1763561924.0
                    },
                    {
                      "k": "default_branch",
                      "v": "main"
                    },
                    {
                      "k": "deployments_url",
                      "v": "https://api.github.com/repos/KakinSas/Laboratorio-Microprocesadores/deployments"
                    },
                    {
                      "k": "description",
                      "v": null
                    },
                    {
                      "k": "disabled",
                      "v": false
                    },
                    {
                      "k": "downloads_url",
                      "v": "https://api.github.com/repos/KakinSas/Laboratorio-Microprocesadores/downloads"
                    },
                    {
                      "k": "events_url",
                      "v": "https://api.github.com/repos/KakinSas/Laboratorio-Microprocesadores/events"
                    },
                    {
                      "k": "fork",
                      "v": true
                    },
                    {
                      "k": "forks",
                      "v": 0.0
                    },
                    {
                      "k": "forks_count",
                      "v": 0.0
                    },
                    {
                      "k": "forks_url",
                      "v": "https://api.github.com/repos/KakinSas/Laboratorio-Microprocesadores/forks"
                    },
                    {
                      "k": "full_name",
                      "v": "KakinSas/Laboratorio-Microprocesadores"
                    },
                    {
                      "k": "git_commits_url",
                      "v": "https://api.github.com/repos/KakinSas/Laboratorio-Microprocesadores/git/commits{/sha}"
                    },
                    {
                      "k": "git_refs_url",
                      "v": "https://api.github.com/repos/KakinSas/Laboratorio-Microprocesadores/git/refs{/sha}"
                    },
                    {
                      "k": "git_tags_url",
                      "v": "https://api.github.com/repos/KakinSas/Laboratorio-Microprocesadores/git/tags{/sha}"
                    },
                    {
                      "k": "git_url",
                      "v": "git://github.com/KakinSas/Laboratorio-Microprocesadores.git"
                    },
                    {
                      "k": "has_discussions",
                      "v": false
                    },
                    {
                      "k": "has_downloads",
                      "v": true
                    },
                    {
                      "k": "has_issues",
                      "v": false
                    },
                    {
                      "k": "has_pages",
                      "v": false
                    },
                    {
                      "k": "has_projects",
                      "v": true
                    },
                    {
                      "k": "has_wiki",
                      "v": true
                    },
                    {
                      "k": "homepage",
                      "v": null
                    },
                    {
                      "k": "hooks_url",
                      "v": "https://api.github.com/repos/KakinSas/Laboratorio-Microprocesadores/hooks"
                    },
                    {
                      "k": "html_url",
                      "v": "https://github.com/KakinSas/Laboratorio-Microprocesadores"
                    },
                    {
                      "k": "id",
                      "v": 1099849630.0
                    },
                    {
                      "k": "is_template",
                      "v": false
                    },
                    {
                      "k": "issue_comment_url",
                      "v": "https://api.github.com/repos/KakinSas/Laboratorio-Microprocesadores/issues/comments{/number}"
                    },
                    {
                      "k": "issue_events_url",
                      "v": "https://api.github.com/repos/KakinSas/Laboratorio-Microprocesadores/issues/events{/number}"
                    },
                    {
                      "k": "issues_url",
                      "v": "https://api.github.com/repos/KakinSas/Laboratorio-Microprocesadores/issues{/number}"
                    },
                    {
                      "k": "keys_url",
                      "v": "https://api.github.com/repos/KakinSas/Laboratorio-Microprocesadores/keys{/key_id}"
                    },
                    {
                      "k": "labels_url",
                      "v": "https://api.github.com/repos/KakinSas/Laboratorio-Microprocesadores/labels{/name}"
                    },
                    {
                      "k": "language",
                      "v": "Python"
                    },
                    {
                      "k": "languages_url",
                      "v": "https://api.github.com/repos/KakinSas/Laboratorio-Microprocesadores/languages"
                    },
                    {
                      "k": "license",
                      "v": null
                    },
                    {
                      "k": "master_branch",
                      "v": "main"
                    },
                    {
                      "k": "merges_url",
                      "v": "https://api.github.com/repos/KakinSas/Laboratorio-Microprocesadores/merges"
                    },
                    {
                      "k": "milestones_url",
                      "v": "https://api.github.com/repos/KakinSas/Laboratorio-Microprocesadores/milestones{/number}"
                    },
                    {
                      "k": "mirror_url",
                      "v": null
                    },
                    {
                      "k": "name",
                      "v": "Laboratorio-Microprocesadores"
                    },
                    {
                      "k": "node_id",
                      "v": "R_kgDOQY5fng"
                    },
                    {
                      "k": "notifications_url",
                      "v": "https://api.github.com/repos/KakinSas/Laboratorio-Microprocesadores/notifications{?since,all,participating}"
                    },
                    {
                      "k": "open_issues",
                      "v": 0.0
                    },
                    {
                      "k": "open_issues_count",
                      "v": 0.0
                    },
                    {
                      "k": "owner",
                      "v": {
                        "t": 2,
                        "d": [
                          {
                            "k": "avatar_url",
                            "v": "https://avatars.githubusercontent.com/u/164799343?v=4"
                          },
                          {
                            "k": "email",
                            "v": "164799343+KakinSas@users.noreply.github.com"
                          },
                          {
                            "k": "events_url",
                            "v": "https://api.github.com/users/KakinSas/events{/privacy}"
                          },
                          {
                            "k": "followers_url",
                            "v": "https://api.github.com/users/KakinSas/followers"
                          },
                          {
                            "k": "following_url",
                            "v": "https://api.github.com/users/KakinSas/following{/other_user}"
                          },
                          {
                            "k": "gists_url",
                            "v": "https://api.github.com/users/KakinSas/gists{/gist_id}"
                          },
                          {
                            "k": "gravatar_id",
                            "v": ""
                          },
                          {
                            "k": "html_url",
                            "v": "https://github.com/KakinSas"
                          },
                          {
                            "k": "id",
                            "v": 164799343.0
                          },
                          {
                            "k": "login",
                            "v": "KakinSas"
                          },
                          {
                            "k": "name",
                            "v": "KakinSas"
                          },
                          {
                            "k": "node_id",
                            "v": "U_kgDOCdKjbw"
                          },
                          {
                            "k": "organizations_url",
                            "v": "https://api.github.com/users/KakinSas/orgs"
                          },
                          {
                            "k": "received_events_url",
                            "v": "https://api.github.com/users/KakinSas/received_events"
                          },
                          {
                            "k": "repos_url",
                            "v": "https://api.github.com/users/KakinSas/repos"
                          },
                          {
                            "k": "site_admin",
                            "v": false
                          },
                          {
                            "k": "starred_url",
                            "v": "https://api.github.com/users/KakinSas/starred{/owner}{/repo}"
                          },
                          {
                            "k": "subscriptions_url",
                            "v": "https://api.github.com/users/KakinSas/subscriptions"
                          },
                          {
                            "k": "type",
                            "v": "User"
                          },
                          {
                            "k": "url",
                            "v": "https://api.github.com/users/KakinSas"
                          },
                          {
                            "k": "user_view_type",
                            "v": "public"
                          }
                        ]
                      }
                    },
                    {
                      "k": "private",
                      "v": false
                    },
                    {
                      "k": "pulls_url",
                      "v": "https://api.github.com/repos/KakinSas/Laboratorio-Microprocesadores/pulls{/number}"
                    },
                    {
                      "k": "pushed_at",
                      "v": 1763565264.0
                    },
                    {
                      "k": "releases_url",
                      "v": "https://api.github.com/repos/KakinSas/Laboratorio-Microprocesadores/releases{/id}"
                    },
                    {
                      "k": "size",
                      "v": 1993.0
                    },
                    {
                      "k": "ssh_url",
                      "v": "git@github.com:KakinSas/Laboratorio-Microprocesadores.git"
                    },
                    {
                      "k": "stargazers",
                      "v": 0.0
                    },
                    {
                      "k": "stargazers_count",
                      "v": 0.0
                    },
                    {
                      "k": "stargazers_url",
                      "v": "https://api.github.com/repos/KakinSas/Laboratorio-Microprocesadores/stargazers"
                    },
                    {
                      "k": "statuses_url",
                      "v": "https://api.github.com/repos/KakinSas/Laboratorio-Microprocesadores/statuses/{sha}"
                    },
                    {
                      "k": "subscribers_url",
                      "v": "https://api.github.com/repos/KakinSas/Laboratorio-Microprocesadores/subscribers"
                    },
                    {
                      "k": "subscription_url",
                      "v": "https://api.github.com/repos/KakinSas/Laboratorio-Microprocesadores/subscription"
                    },
                    {
                      "k": "svn_url",
                      "v": "https://github.com/KakinSas/Laboratorio-Microprocesadores"
                    },
                    {
                      "k": "tags_url",
                      "v": "https://api.github.com/repos/KakinSas/Laboratorio-Microprocesadores/tags"
                    },
                    {
                      "k": "teams_url",
                      "v": "https://api.github.com/repos/KakinSas/Laboratorio-Microprocesadores/teams"
                    },
                    {
                      "k": "topics",
                      "v": {
                        "t": 1
                      }
                    },
                    {
                      "k": "trees_url",
                      "v": "https://api.github.com/repos/KakinSas/Laboratorio-Microprocesadores/git/trees{/sha}"
                    },
                    {
                      "k": "updated_at",
                      "v": "2025-11-19T15:05:28Z"
                    },
                    {
                      "k": "url",
                      "v": "https://api.github.com/repos/KakinSas/Laboratorio-Microprocesadores"
                    },
                    {
                      "k": "visibility",
                      "v": "public"
                    },
                    {
                      "k": "watchers",
                      "v": 0.0
                    },
                    {
                      "k": "watchers_count",
                      "v": 0.0
                    },
                    {
                      "k": "web_commit_signoff_required",
                      "v": false
                    }
                  ]
                }
              },
              {
                "k": "sender",
                "v": {
                  "t": 2,
                  "d": [
                    {
                      "k": "avatar_url",
                      "v": "https://avatars.githubusercontent.com/u/164799343?v=4"
                    },
                    {
                      "k": "events_url",
                      "v": "https://api.github.com/users/KakinSas/events{/privacy}"
                    },
                    {
                      "k": "followers_url",
                      "v": "https://api.github.com/users/KakinSas/followers"
                    },
                    {
                      "k": "following_url",
                      "v": "https://api.github.com/users/KakinSas/following{/other_user}"
                    },
                    {
                      "k": "gists_url",
                      "v": "https://api.github.com/users/KakinSas/gists{/gist_id}"
                    },
                    {
                      "k": "gravatar_id",
                      "v": ""
                    },
                    {
                      "k": "html_url",
                      "v": "https://github.com/KakinSas"
                    },
                    {
                      "k": "id",
                      "v": 164799343.0
                    },
                    {
                      "k": "login",
                      "v": "KakinSas"
                    },
                    {
                      "k": "node_id",
                      "v": "U_kgDOCdKjbw"
                    },
                    {
                      "k": "organizations_url",
                      "v": "https://api.github.com/users/KakinSas/orgs"
                    },
                    {
                      "k": "received_events_url",
                      "v": "https://api.github.com/users/KakinSas/received_events"
                    },
                    {
                      "k": "repos_url",
                      "v": "https://api.github.com/users/KakinSas/repos"
                    },
                    {
                      "k": "site_admin",
                      "v": false
                    },
                    {
                      "k": "starred_url",
                      "v": "https://api.github.com/users/KakinSas/starred{/owner}{/repo}"
                    },
                    {
                      "k": "subscriptions_url",
                      "v": "https://api.github.com/users/KakinSas/subscriptions"
                    },
                    {
                      "k": "type",
                      "v": "User"
                    },
                    {
                      "k": "url",
                      "v": "https://api.github.com/users/KakinSas"
                    },
                    {
                      "k": "user_view_type",
                      "v": "public"
                    }
                  ]
                }
              }
            ]
          }
        },
        {
          "k": "workflow_ref",
          "v": "KakinSas/Laboratorio-Microprocesadores/.github/workflows/cml.yaml@refs/heads/main"
        },
        {
          "k": "workflow_sha",
          "v": "bfcc6bc0e5096800a52e77736ebce30294c1dde8"
        },
        {
          "k": "repository_id",
          "v": "1099849630"
        },
        {
          "k": "triggering_actor",
          "v": "KakinSas"
        }
      ]
    },
    "inputs": {
      "t": 2
    },
    "job": {
      "t": 2,
      "d": [
        {
          "k": "check_run_id",
          "v": 55833341568.0
        }
      ]
    },
    "matrix": null,
    "needs": {
      "t": 2
    },
    "strategy": {
      "t": 2,
      "d": [
        {
          "k": "fail-fast",
          "v": true
        },
        {
          "k": "job-index",
          "v": 0.0
        },
        {
          "k": "job-total",
          "v": 1.0
        },
        {
          "k": "max-parallel",
          "v": 1.0
        }
      ]
    },
    "vars": {
      "t": 2
    }
  },
  "billingOwnerId": "U_kgDOCdKjbw"
}
[2025-11-19 15:14:41Z INFO JobRunner] Job ID 13c5037c-bf3d-5845-8114-f254ee2eb7fb
[2025-11-19 15:14:41Z INFO ConfigurationStore] currentAssemblyLocation: C:\Users\Alumno\Downloads\lab_microp\Laboratorio-Microprocesadores\actions-runner\bin\Runner.Worker.dll
[2025-11-19 15:14:41Z INFO HostContext] Well known directory 'Bin': 'C:\Users\Alumno\Downloads\lab_microp\Laboratorio-Microprocesadores\actions-runner\bin'
[2025-11-19 15:14:41Z INFO ConfigurationStore] binPath: C:\Users\Alumno\Downloads\lab_microp\Laboratorio-Microprocesadores\actions-runner\bin
[2025-11-19 15:14:41Z INFO HostContext] Well known directory 'Bin': 'C:\Users\Alumno\Downloads\lab_microp\Laboratorio-Microprocesadores\actions-runner\bin'
[2025-11-19 15:14:41Z INFO HostContext] Well known directory 'Root': 'C:\Users\Alumno\Downloads\lab_microp\Laboratorio-Microprocesadores\actions-runner'
[2025-11-19 15:14:41Z INFO ConfigurationStore] RootFolder: C:\Users\Alumno\Downloads\lab_microp\Laboratorio-Microprocesadores\actions-runner
[2025-11-19 15:14:41Z INFO HostContext] Well known directory 'Bin': 'C:\Users\Alumno\Downloads\lab_microp\Laboratorio-Microprocesadores\actions-runner\bin'
[2025-11-19 15:14:41Z INFO HostContext] Well known directory 'Root': 'C:\Users\Alumno\Downloads\lab_microp\Laboratorio-Microprocesadores\actions-runner'
[2025-11-19 15:14:41Z INFO HostContext] Well known config file 'Runner': 'C:\Users\Alumno\Downloads\lab_microp\Laboratorio-Microprocesadores\actions-runner\.runner'
[2025-11-19 15:14:41Z INFO ConfigurationStore] ConfigFilePath: C:\Users\Alumno\Downloads\lab_microp\Laboratorio-Microprocesadores\actions-runner\.runner
[2025-11-19 15:14:41Z INFO HostContext] Well known directory 'Bin': 'C:\Users\Alumno\Downloads\lab_microp\Laboratorio-Microprocesadores\actions-runner\bin'
[2025-11-19 15:14:41Z INFO HostContext] Well known directory 'Root': 'C:\Users\Alumno\Downloads\lab_microp\Laboratorio-Microprocesadores\actions-runner'
[2025-11-19 15:14:41Z INFO HostContext] Well known config file 'MigratedRunner': 'C:\Users\Alumno\Downloads\lab_microp\Laboratorio-Microprocesadores\actions-runner\.runner_migrated'
[2025-11-19 15:14:41Z INFO ConfigurationStore] MigratedConfigFilePath: C:\Users\Alumno\Downloads\lab_microp\Laboratorio-Microprocesadores\actions-runner\.runner_migrated
[2025-11-19 15:14:41Z INFO HostContext] Well known directory 'Bin': 'C:\Users\Alumno\Downloads\lab_microp\Laboratorio-Microprocesadores\actions-runner\bin'
[2025-11-19 15:14:41Z INFO HostContext] Well known directory 'Root': 'C:\Users\Alumno\Downloads\lab_microp\Laboratorio-Microprocesadores\actions-runner'
[2025-11-19 15:14:41Z INFO HostContext] Well known config file 'Credentials': 'C:\Users\Alumno\Downloads\lab_microp\Laboratorio-Microprocesadores\actions-runner\.credentials'
[2025-11-19 15:14:41Z INFO ConfigurationStore] CredFilePath: C:\Users\Alumno\Downloads\lab_microp\Laboratorio-Microprocesadores\actions-runner\.credentials
[2025-11-19 15:14:41Z INFO HostContext] Well known directory 'Bin': 'C:\Users\Alumno\Downloads\lab_microp\Laboratorio-Microprocesadores\actions-runner\bin'
[2025-11-19 15:14:41Z INFO HostContext] Well known directory 'Root': 'C:\Users\Alumno\Downloads\lab_microp\Laboratorio-Microprocesadores\actions-runner'
[2025-11-19 15:14:41Z INFO HostContext] Well known config file 'MigratedCredentials': 'C:\Users\Alumno\Downloads\lab_microp\Laboratorio-Microprocesadores\actions-runner\.credentials_migrated'
[2025-11-19 15:14:41Z INFO ConfigurationStore] MigratedCredFilePath: C:\Users\Alumno\Downloads\lab_microp\Laboratorio-Microprocesadores\actions-runner\.credentials_migrated
[2025-11-19 15:14:41Z INFO HostContext] Well known directory 'Bin': 'C:\Users\Alumno\Downloads\lab_microp\Laboratorio-Microprocesadores\actions-runner\bin'
[2025-11-19 15:14:41Z INFO HostContext] Well known directory 'Root': 'C:\Users\Alumno\Downloads\lab_microp\Laboratorio-Microprocesadores\actions-runner'
[2025-11-19 15:14:41Z INFO HostContext] Well known config file 'Service': 'C:\Users\Alumno\Downloads\lab_microp\Laboratorio-Microprocesadores\actions-runner\.service'
[2025-11-19 15:14:41Z INFO ConfigurationStore] ServiceConfigFilePath: C:\Users\Alumno\Downloads\lab_microp\Laboratorio-Microprocesadores\actions-runner\.service
[2025-11-19 15:14:41Z INFO ConfigurationStore] Read setting file: 413 chars
[2025-11-19 15:14:41Z INFO JobRunner] Initializing launch client
[2025-11-19 15:14:41Z INFO JobServerQueue] Initializing results client
[2025-11-19 15:14:41Z INFO ResultServer] Creating websocket client ...wss://results-receiver.actions.githubusercontent.com/_ws/ingest.sock
[2025-11-19 15:14:41Z INFO ResultServer] Attempting to start websocket client with delay 00:00:00.
[2025-11-19 15:14:41Z INFO JobServerQueue] Start process web console line queue.
[2025-11-19 15:14:41Z INFO JobServerQueue] Start process file upload queue.
[2025-11-19 15:14:41Z INFO JobServerQueue] Start results file upload queue.
[2025-11-19 15:14:41Z INFO JobServerQueue] Starting results-based upload queue...
[2025-11-19 15:14:41Z INFO JobServerQueue] Start process timeline update queue.
[2025-11-19 15:14:41Z INFO ExecutionContext] Initializing Job context
[2025-11-19 15:14:41Z INFO ExecutionContext] Initialize GitHub context
[2025-11-19 15:14:41Z INFO ExecutionContext] Initialize Env context
[2025-11-19 15:14:41Z INFO HostContext] Well known directory 'Bin': 'C:\Users\Alumno\Downloads\lab_microp\Laboratorio-Microprocesadores\actions-runner\bin'
[2025-11-19 15:14:41Z INFO HostContext] Well known directory 'Root': 'C:\Users\Alumno\Downloads\lab_microp\Laboratorio-Microprocesadores\actions-runner'
[2025-11-19 15:14:41Z INFO HostContext] Well known directory 'Diag': 'C:\Users\Alumno\Downloads\lab_microp\Laboratorio-Microprocesadores\actions-runner\_diag'
[2025-11-19 15:14:41Z INFO HostContext] Well known directory 'Bin': 'C:\Users\Alumno\Downloads\lab_microp\Laboratorio-Microprocesadores\actions-runner\bin'
[2025-11-19 15:14:41Z INFO HostContext] Well known directory 'Root': 'C:\Users\Alumno\Downloads\lab_microp\Laboratorio-Microprocesadores\actions-runner'
[2025-11-19 15:14:41Z INFO HostContext] Well known directory 'Diag': 'C:\Users\Alumno\Downloads\lab_microp\Laboratorio-Microprocesadores\actions-runner\_diag'
[2025-11-19 15:14:41Z INFO JobRunner] Starting the job execution context.
[2025-11-19 15:14:41Z INFO HostContext] Well known directory 'Bin': 'C:\Users\Alumno\Downloads\lab_microp\Laboratorio-Microprocesadores\actions-runner\bin'
[2025-11-19 15:14:41Z INFO HostContext] Well known directory 'Root': 'C:\Users\Alumno\Downloads\lab_microp\Laboratorio-Microprocesadores\actions-runner'
[2025-11-19 15:14:41Z INFO HostContext] Well known directory 'Work': 'C:\Users\Alumno\Downloads\lab_microp\Laboratorio-Microprocesadores\actions-runner\_work'
[2025-11-19 15:14:41Z INFO JobRunner] Validating directory permissions for: 'C:\Users\Alumno\Downloads\lab_microp\Laboratorio-Microprocesadores\actions-runner\_work'
[2025-11-19 15:14:41Z INFO HostContext] Well known directory 'Bin': 'C:\Users\Alumno\Downloads\lab_microp\Laboratorio-Microprocesadores\actions-runner\bin'
[2025-11-19 15:14:41Z INFO HostContext] Well known directory 'Root': 'C:\Users\Alumno\Downloads\lab_microp\Laboratorio-Microprocesadores\actions-runner'
[2025-11-19 15:14:41Z INFO HostContext] Well known directory 'Work': 'C:\Users\Alumno\Downloads\lab_microp\Laboratorio-Microprocesadores\actions-runner\_work'
[2025-11-19 15:14:41Z INFO HostContext] Well known directory 'Tools': 'C:\Users\Alumno\Downloads\lab_microp\Laboratorio-Microprocesadores\actions-runner\_work\_tool'
[2025-11-19 15:14:41Z INFO HostContext] Well known directory 'Bin': 'C:\Users\Alumno\Downloads\lab_microp\Laboratorio-Microprocesadores\actions-runner\bin'
[2025-11-19 15:14:41Z INFO HostContext] Well known directory 'Root': 'C:\Users\Alumno\Downloads\lab_microp\Laboratorio-Microprocesadores\actions-runner'
[2025-11-19 15:14:41Z INFO HostContext] Well known directory 'Work': 'C:\Users\Alumno\Downloads\lab_microp\Laboratorio-Microprocesadores\actions-runner\_work'
[2025-11-19 15:14:41Z INFO HostContext] Well known directory 'Temp': 'C:\Users\Alumno\Downloads\lab_microp\Laboratorio-Microprocesadores\actions-runner\_work\_temp'
[2025-11-19 15:14:41Z INFO JobRunner] Getting job extension.
[2025-11-19 15:14:41Z INFO JobRunner] Initialize job. Getting all job steps.
[2025-11-19 15:14:41Z INFO HostContext] Well known directory 'Bin': 'C:\Users\Alumno\Downloads\lab_microp\Laboratorio-Microprocesadores\actions-runner\bin'
[2025-11-19 15:14:41Z INFO HostContext] Well known directory 'Root': 'C:\Users\Alumno\Downloads\lab_microp\Laboratorio-Microprocesadores\actions-runner'
[2025-11-19 15:14:41Z INFO HostContext] Well known directory 'Diag': 'C:\Users\Alumno\Downloads\lab_microp\Laboratorio-Microprocesadores\actions-runner\_diag'
[2025-11-19 15:14:41Z INFO HostContext] Well known directory 'Bin': 'C:\Users\Alumno\Downloads\lab_microp\Laboratorio-Microprocesadores\actions-runner\bin'
[2025-11-19 15:14:41Z INFO HostContext] Well known directory 'Root': 'C:\Users\Alumno\Downloads\lab_microp\Laboratorio-Microprocesadores\actions-runner'
[2025-11-19 15:14:41Z INFO HostContext] Well known directory 'Diag': 'C:\Users\Alumno\Downloads\lab_microp\Laboratorio-Microprocesadores\actions-runner\_diag'
[2025-11-19 15:14:41Z INFO HostContext] Well known directory 'Bin': 'C:\Users\Alumno\Downloads\lab_microp\Laboratorio-Microprocesadores\actions-runner\bin'
[2025-11-19 15:14:41Z INFO HostContext] Well known directory 'Root': 'C:\Users\Alumno\Downloads\lab_microp\Laboratorio-Microprocesadores\actions-runner'
[2025-11-19 15:14:41Z INFO HostContext] Well known config file 'Credentials': 'C:\Users\Alumno\Downloads\lab_microp\Laboratorio-Microprocesadores\actions-runner\.credentials'
[2025-11-19 15:14:41Z INFO HostContext] Well known directory 'Bin': 'C:\Users\Alumno\Downloads\lab_microp\Laboratorio-Microprocesadores\actions-runner\bin'
[2025-11-19 15:14:41Z INFO HostContext] Well known directory 'Root': 'C:\Users\Alumno\Downloads\lab_microp\Laboratorio-Microprocesadores\actions-runner'
[2025-11-19 15:14:41Z INFO HostContext] Well known config file 'SetupInfo': 'C:\Users\Alumno\Downloads\lab_microp\Laboratorio-Microprocesadores\actions-runner\.setup_info'
[2025-11-19 15:14:41Z INFO HostContext] Well known directory 'Bin': 'C:\Users\Alumno\Downloads\lab_microp\Laboratorio-Microprocesadores\actions-runner\bin'
[2025-11-19 15:14:41Z INFO HostContext] Well known directory 'Root': 'C:\Users\Alumno\Downloads\lab_microp\Laboratorio-Microprocesadores\actions-runner'
[2025-11-19 15:14:41Z INFO HostContext] Well known directory 'Work': 'C:\Users\Alumno\Downloads\lab_microp\Laboratorio-Microprocesadores\actions-runner\_work'
[2025-11-19 15:14:41Z INFO PipelineDirectoryManager] Loading tracking config if exists: C:\Users\Alumno\Downloads\lab_microp\Laboratorio-Microprocesadores\actions-runner\_work\_PipelineMapping\KakinSas/Laboratorio-Microprocesadores\PipelineFolder.json
[2025-11-19 15:14:41Z INFO PipelineDirectoryManager] Creating a new tracking config file.
[2025-11-19 15:14:41Z INFO HostContext] Well known directory 'Bin': 'C:\Users\Alumno\Downloads\lab_microp\Laboratorio-Microprocesadores\actions-runner\bin'
[2025-11-19 15:14:41Z INFO HostContext] Well known directory 'Root': 'C:\Users\Alumno\Downloads\lab_microp\Laboratorio-Microprocesadores\actions-runner'
[2025-11-19 15:14:41Z INFO HostContext] Well known directory 'Work': 'C:\Users\Alumno\Downloads\lab_microp\Laboratorio-Microprocesadores\actions-runner\_work'
[2025-11-19 15:14:41Z INFO PipelineDirectoryManager] Creating pipeline directory.
[2025-11-19 15:14:41Z INFO HostContext] Well known directory 'Bin': 'C:\Users\Alumno\Downloads\lab_microp\Laboratorio-Microprocesadores\actions-runner\bin'
[2025-11-19 15:14:41Z INFO HostContext] Well known directory 'Root': 'C:\Users\Alumno\Downloads\lab_microp\Laboratorio-Microprocesadores\actions-runner'
[2025-11-19 15:14:41Z INFO HostContext] Well known directory 'Work': 'C:\Users\Alumno\Downloads\lab_microp\Laboratorio-Microprocesadores\actions-runner\_work'
[2025-11-19 15:14:41Z INFO PipelineDirectoryManager] Creating workspace directory.
[2025-11-19 15:14:41Z INFO HostContext] Well known directory 'Bin': 'C:\Users\Alumno\Downloads\lab_microp\Laboratorio-Microprocesadores\actions-runner\bin'
[2025-11-19 15:14:41Z INFO HostContext] Well known directory 'Root': 'C:\Users\Alumno\Downloads\lab_microp\Laboratorio-Microprocesadores\actions-runner'
[2025-11-19 15:14:41Z INFO HostContext] Well known directory 'Work': 'C:\Users\Alumno\Downloads\lab_microp\Laboratorio-Microprocesadores\actions-runner\_work'
[2025-11-19 15:14:41Z INFO JobExtension] Downloading actions
[2025-11-19 15:14:41Z INFO HostContext] Well known directory 'Bin': 'C:\Users\Alumno\Downloads\lab_microp\Laboratorio-Microprocesadores\actions-runner\bin'
[2025-11-19 15:14:41Z INFO HostContext] Well known directory 'Root': 'C:\Users\Alumno\Downloads\lab_microp\Laboratorio-Microprocesadores\actions-runner'
[2025-11-19 15:14:41Z INFO HostContext] Well known directory 'Work': 'C:\Users\Alumno\Downloads\lab_microp\Laboratorio-Microprocesadores\actions-runner\_work'
[2025-11-19 15:14:41Z INFO HostContext] Well known directory 'Actions': 'C:\Users\Alumno\Downloads\lab_microp\Laboratorio-Microprocesadores\actions-runner\_work\_actions'
[2025-11-19 15:14:41Z INFO Worker] Listening for cancel message from the channel.
[2025-11-19 15:14:41Z INFO Worker] Waiting for the job to complete or for a cancel message from the channel.
[2025-11-19 15:14:42Z INFO ResultServer] Successfully started websocket client.
[2025-11-19 15:14:42Z INFO JobServerQueue] Try to append 1 batches web console lines for record '3acb8ec9-4e42-4741-baed-0be170b761f3', success rate: 1/1.
[2025-11-19 15:14:42Z INFO HostContext] Well known directory 'Bin': 'C:\Users\Alumno\Downloads\lab_microp\Laboratorio-Microprocesadores\actions-runner\bin'
[2025-11-19 15:14:42Z INFO HostContext] Well known directory 'Root': 'C:\Users\Alumno\Downloads\lab_microp\Laboratorio-Microprocesadores\actions-runner'
[2025-11-19 15:14:42Z INFO HostContext] Well known directory 'Work': 'C:\Users\Alumno\Downloads\lab_microp\Laboratorio-Microprocesadores\actions-runner\_work'
[2025-11-19 15:14:42Z INFO HostContext] Well known directory 'Actions': 'C:\Users\Alumno\Downloads\lab_microp\Laboratorio-Microprocesadores\actions-runner\_work\_actions'
[2025-11-19 15:14:42Z INFO HostContext] Well known directory 'Bin': 'C:\Users\Alumno\Downloads\lab_microp\Laboratorio-Microprocesadores\actions-runner\bin'
[2025-11-19 15:14:42Z INFO HostContext] Well known directory 'Root': 'C:\Users\Alumno\Downloads\lab_microp\Laboratorio-Microprocesadores\actions-runner'
[2025-11-19 15:14:42Z INFO HostContext] Well known directory 'Work': 'C:\Users\Alumno\Downloads\lab_microp\Laboratorio-Microprocesadores\actions-runner\_work'
[2025-11-19 15:14:42Z INFO HostContext] Well known directory 'Actions': 'C:\Users\Alumno\Downloads\lab_microp\Laboratorio-Microprocesadores\actions-runner\_work\_actions'
[2025-11-19 15:14:42Z INFO ActionManager] Save archive 'https://api.github.com/repos/actions/checkout/zipball/f43a0e5ff2bd294095638e18286ca9a3d1956744' into C:\Users\Alumno\Downloads\lab_microp\Laboratorio-Microprocesadores\actions-runner\_work\_actions\_temp_3c8d4880-485d-4322-b64c-33b8030e0aa9\0104f466-afa4-4655-ab9b-4c889ed34870.zip.
[2025-11-19 15:14:42Z INFO JobServerQueue] Try to append 1 batches web console lines for record '3acb8ec9-4e42-4741-baed-0be170b761f3', success rate: 1/1.
[2025-11-19 15:14:42Z INFO JobServerQueue] Job timeline record has been updated for the first time.
[2025-11-19 15:14:44Z INFO ActionManager] Request URL: https://api.github.com/repos/actions/checkout/zipball/f43a0e5ff2bd294095638e18286ca9a3d1956744 X-GitHub-Request-Id: BD3B:109598:CEE1D:255788:691DDEDB Http Status: OK
[2025-11-19 15:14:44Z INFO ActionManager] Finished getting action repository.
[2025-11-19 15:14:44Z INFO HostContext] Well known directory 'Bin': 'C:\Users\Alumno\Downloads\lab_microp\Laboratorio-Microprocesadores\actions-runner\bin'
[2025-11-19 15:14:44Z INFO HostContext] Well known directory 'Root': 'C:\Users\Alumno\Downloads\lab_microp\Laboratorio-Microprocesadores\actions-runner'
[2025-11-19 15:14:44Z INFO HostContext] Well known directory 'Work': 'C:\Users\Alumno\Downloads\lab_microp\Laboratorio-Microprocesadores\actions-runner\_work'
[2025-11-19 15:14:44Z INFO HostContext] Well known directory 'Actions': 'C:\Users\Alumno\Downloads\lab_microp\Laboratorio-Microprocesadores\actions-runner\_work\_actions'
[2025-11-19 15:14:44Z INFO HostContext] Well known directory 'Bin': 'C:\Users\Alumno\Downloads\lab_microp\Laboratorio-Microprocesadores\actions-runner\bin'
[2025-11-19 15:14:44Z INFO HostContext] Well known directory 'Root': 'C:\Users\Alumno\Downloads\lab_microp\Laboratorio-Microprocesadores\actions-runner'
[2025-11-19 15:14:44Z INFO HostContext] Well known directory 'Work': 'C:\Users\Alumno\Downloads\lab_microp\Laboratorio-Microprocesadores\actions-runner\_work'
[2025-11-19 15:14:44Z INFO HostContext] Well known directory 'Actions': 'C:\Users\Alumno\Downloads\lab_microp\Laboratorio-Microprocesadores\actions-runner\_work\_actions'
[2025-11-19 15:14:44Z INFO ActionManager] Save archive 'https://api.github.com/repos/actions/setup-python/zipball/3542bca2639a428e1796aaa6a2ffef0c0f575566' into C:\Users\Alumno\Downloads\lab_microp\Laboratorio-Microprocesadores\actions-runner\_work\_actions\_temp_9ffc403e-3928-4d48-8169-23a99bd976ee\11640f01-74cf-4841-a7ee-3bb89633a4fb.zip.
[2025-11-19 15:14:44Z INFO JobServerQueue] Try to append 1 batches web console lines for record '3acb8ec9-4e42-4741-baed-0be170b761f3', success rate: 1/1.
[2025-11-19 15:14:45Z INFO ActionManager] Request URL: https://api.github.com/repos/actions/setup-python/zipball/3542bca2639a428e1796aaa6a2ffef0c0f575566 X-GitHub-Request-Id: BD3E:A5229:D01D6:256B77:691DDEDC Http Status: OK
[2025-11-19 15:14:46Z INFO ActionManager] Finished getting action repository.
[2025-11-19 15:14:46Z INFO HostContext] Well known directory 'Bin': 'C:\Users\Alumno\Downloads\lab_microp\Laboratorio-Microprocesadores\actions-runner\bin'
[2025-11-19 15:14:46Z INFO HostContext] Well known directory 'Root': 'C:\Users\Alumno\Downloads\lab_microp\Laboratorio-Microprocesadores\actions-runner'
[2025-11-19 15:14:46Z INFO HostContext] Well known directory 'Work': 'C:\Users\Alumno\Downloads\lab_microp\Laboratorio-Microprocesadores\actions-runner\_work'
[2025-11-19 15:14:46Z INFO HostContext] Well known directory 'Actions': 'C:\Users\Alumno\Downloads\lab_microp\Laboratorio-Microprocesadores\actions-runner\_work\_actions'
[2025-11-19 15:14:46Z INFO HostContext] Well known directory 'Bin': 'C:\Users\Alumno\Downloads\lab_microp\Laboratorio-Microprocesadores\actions-runner\bin'
[2025-11-19 15:14:46Z INFO HostContext] Well known directory 'Root': 'C:\Users\Alumno\Downloads\lab_microp\Laboratorio-Microprocesadores\actions-runner'
[2025-11-19 15:14:46Z INFO HostContext] Well known directory 'Work': 'C:\Users\Alumno\Downloads\lab_microp\Laboratorio-Microprocesadores\actions-runner\_work'
[2025-11-19 15:14:46Z INFO HostContext] Well known directory 'Actions': 'C:\Users\Alumno\Downloads\lab_microp\Laboratorio-Microprocesadores\actions-runner\_work\_actions'
[2025-11-19 15:14:46Z INFO ActionManager] Save archive 'https://api.github.com/repos/actions/upload-artifact/zipball/ea165f8d65b6e75b540449e92b4886f43607fa02' into C:\Users\Alumno\Downloads\lab_microp\Laboratorio-Microprocesadores\actions-runner\_work\_actions\_temp_4c7071d3-7cc5-423d-8b57-7e732164627b\681c1e0d-5be7-4510-a5d5-78fb785de93a.zip.
[2025-11-19 15:14:46Z INFO JobServerQueue] Try to append 1 batches web console lines for record '3acb8ec9-4e42-4741-baed-0be170b761f3', success rate: 1/1.
[2025-11-19 15:14:47Z INFO ActionManager] Request URL: https://api.github.com/repos/actions/upload-artifact/zipball/ea165f8d65b6e75b540449e92b4886f43607fa02 X-GitHub-Request-Id: BD40:10C80D:D008C:256A21:691DDEDE Http Status: OK
[2025-11-19 15:14:48Z INFO ActionManager] Finished getting action repository.
[2025-11-19 15:14:48Z INFO HostContext] Well known directory 'Bin': 'C:\Users\Alumno\Downloads\lab_microp\Laboratorio-Microprocesadores\actions-runner\bin'
[2025-11-19 15:14:48Z INFO HostContext] Well known directory 'Root': 'C:\Users\Alumno\Downloads\lab_microp\Laboratorio-Microprocesadores\actions-runner'
[2025-11-19 15:14:48Z INFO HostContext] Well known directory 'Work': 'C:\Users\Alumno\Downloads\lab_microp\Laboratorio-Microprocesadores\actions-runner\_work'
[2025-11-19 15:14:48Z INFO HostContext] Well known directory 'Actions': 'C:\Users\Alumno\Downloads\lab_microp\Laboratorio-Microprocesadores\actions-runner\_work\_actions'
[2025-11-19 15:14:48Z INFO HostContext] Well known directory 'Bin': 'C:\Users\Alumno\Downloads\lab_microp\Laboratorio-Microprocesadores\actions-runner\bin'
[2025-11-19 15:14:48Z INFO HostContext] Well known directory 'Root': 'C:\Users\Alumno\Downloads\lab_microp\Laboratorio-Microprocesadores\actions-runner'
[2025-11-19 15:14:48Z INFO HostContext] Well known directory 'Work': 'C:\Users\Alumno\Downloads\lab_microp\Laboratorio-Microprocesadores\actions-runner\_work'
[2025-11-19 15:14:48Z INFO HostContext] Well known directory 'Actions': 'C:\Users\Alumno\Downloads\lab_microp\Laboratorio-Microprocesadores\actions-runner\_work\_actions'
[2025-11-19 15:14:48Z INFO ActionManifestManager] Load schema file with definitions: [
  "null",
  "boolean",
  "number",
  "string",
  "sequence",
  "mapping",
  "any",
  "action-root",
  "inputs",
  "input",
  "outputs",
  "output-definition",
  "runs",
  "container-runs",
  "container-runs-args",
  "container-runs-env",
  "node-runs",
  "plugin-runs",
  "composite-runs",
  "composite-steps",
  "composite-step",
  "run-step",
  "uses-step",
  "container-runs-context",
  "output-value",
  "input-default-context",
  "non-empty-string",
  "string-steps-context",
  "boolean-steps-context",
  "step-env",
  "step-if",
  "step-with"
]
[2025-11-19 15:14:48Z INFO HostContext] Well known directory 'Bin': 'C:\Users\Alumno\Downloads\lab_microp\Laboratorio-Microprocesadores\actions-runner\bin'
[2025-11-19 15:14:48Z INFO HostContext] Well known directory 'Root': 'C:\Users\Alumno\Downloads\lab_microp\Laboratorio-Microprocesadores\actions-runner'
[2025-11-19 15:14:48Z INFO HostContext] Well known directory 'Work': 'C:\Users\Alumno\Downloads\lab_microp\Laboratorio-Microprocesadores\actions-runner\_work'
[2025-11-19 15:14:48Z INFO HostContext] Well known directory 'Actions': 'C:\Users\Alumno\Downloads\lab_microp\Laboratorio-Microprocesadores\actions-runner\_work\_actions'
[2025-11-19 15:14:48Z INFO ActionManifestManager] Loaded action.yml file: {
  "name": "Checkout",
  "description": "Checkout a Git repository at a particular version",
  "inputs": {
    "type": 2,
    "map": [
      {
        "key": {
          "type": 0,
          "file": 2,
          "line": 4,
          "col": 3,
          "lit": "repository"
        },
        "value": {
          "type": 3,
          "file": 2,
          "line": 6,
          "col": 14,
          "expr": "github.repository"
        }
      },
      {
        "key": {
          "type": 0,
          "file": 2,
          "line": 7,
          "col": 3,
          "lit": "ref"
        },
        "value": ""
      },
      {
        "key": {
          "type": 0,
          "file": 2,
          "line": 12,
          "col": 3,
          "lit": "token"
        },
        "value": {
          "type": 3,
          "file": 2,
          "line": 24,
          "col": 14,
          "expr": "github.token"
        }
      },
      {
        "key": {
          "type": 0,
          "file": 2,
          "line": 25,
          "col": 3,
          "lit": "ssh-key"
        },
        "value": ""
      },
      {
        "key": {
          "type": 0,
          "file": 2,
          "line": 37,
          "col": 3,
          "lit": "ssh-known-hosts"
        },
        "value": ""
      },
      {
        "key": {
          "type": 0,
          "file": 2,
          "line": 42,
          "col": 3,
          "lit": "ssh-strict"
        },
        "value": {
          "type": 0,
          "file": 2,
          "line": 47,
          "col": 14,
          "lit": "true"
        }
      },
      {
        "key": {
          "type": 0,
          "file": 2,
          "line": 48,
          "col": 3,
          "lit": "persist-credentials"
        },
        "value": {
          "type": 0,
          "file": 2,
          "line": 50,
          "col": 14,
          "lit": "true"
        }
      },
      {
        "key": {
          "type": 0,
          "file": 2,
          "line": 51,
          "col": 3,
          "lit": "path"
        },
        "value": ""
      },
      {
        "key": {
          "type": 0,
          "file": 2,
          "line": 53,
          "col": 3,
          "lit": "clean"
        },
        "value": {
          "type": 0,
          "file": 2,
          "line": 55,
          "col": 14,
          "lit": "true"
        }
      },
      {
        "key": {
          "type": 0,
          "file": 2,
          "line": 56,
          "col": 3,
          "lit": "sparse-checkout"
        },
        "value": {
          "type": 0,
          "file": 2,
          "line": 60,
          "col": 14,
          "lit": ""
        }
      },
      {
        "key": {
          "type": 0,
          "file": 2,
          "line": 61,
          "col": 3,
          "lit": "sparse-checkout-cone-mode"
        },
        "value": {
          "type": 0,
          "file": 2,
          "line": 64,
          "col": 14,
          "lit": "true"
        }
      },
      {
        "key": {
          "type": 0,
          "file": 2,
          "line": 65,
          "col": 3,
          "lit": "fetch-depth"
        },
        "value": {
          "type": 0,
          "file": 2,
          "line": 67,
          "col": 14,
          "lit": "1"
        }
      },
      {
        "key": {
          "type": 0,
          "file": 2,
          "line": 68,
          "col": 3,
          "lit": "fetch-tags"
        },
        "value": {
          "type": 0,
          "file": 2,
          "line": 70,
          "col": 14,
          "lit": "false"
        }
      },
      {
        "key": {
          "type": 0,
          "file": 2,
          "line": 71,
          "col": 3,
          "lit": "lfs"
        },
        "value": {
          "type": 0,
          "file": 2,
          "line": 73,
          "col": 14,
          "lit": "false"
        }
      },
      {
        "key": {
          "type": 0,
          "file": 2,
          "line": 74,
          "col": 3,
          "lit": "submodules"
        },
        "value": {
          "type": 0,
          "file": 2,
          "line": 82,
          "col": 14,
          "lit": "false"
        }
      },
      {
        "key": {
          "type": 0,
          "file": 2,
          "line": 83,
          "col": 3,
          "lit": "set-safe-directory"
        },
        "value": {
          "type": 0,
          "file": 2,
          "line": 85,
          "col": 14,
          "lit": "true"
        }
      },
      {
        "key": {
          "type": 0,
          "file": 2,
          "line": 86,
          "col": 3,
          "lit": "github-server-url"
        },
        "value": ""
      }
    ]
  },
  "execution": {
    "executionType": "nodeJS",
    "hasPre": false,
    "hasPost": true,
    "script": "dist/index.js",
    "pre": null,
    "post": "dist/index.js",
    "nodeVersion": "node16",
    "cleanupCondition": "always()",
    "initCondition": "always()"
  },
  "deprecated": null
}
[2025-11-19 15:14:48Z INFO ActionManager] Action node.js file: dist/index.js, no more preparation.
[2025-11-19 15:14:48Z INFO HostContext] Well known directory 'Bin': 'C:\Users\Alumno\Downloads\lab_microp\Laboratorio-Microprocesadores\actions-runner\bin'
[2025-11-19 15:14:48Z INFO HostContext] Well known directory 'Root': 'C:\Users\Alumno\Downloads\lab_microp\Laboratorio-Microprocesadores\actions-runner'
[2025-11-19 15:14:48Z INFO HostContext] Well known directory 'Work': 'C:\Users\Alumno\Downloads\lab_microp\Laboratorio-Microprocesadores\actions-runner\_work'
[2025-11-19 15:14:48Z INFO HostContext] Well known directory 'Actions': 'C:\Users\Alumno\Downloads\lab_microp\Laboratorio-Microprocesadores\actions-runner\_work\_actions'
[2025-11-19 15:14:48Z INFO ActionManager] Load action that reference repository from 'C:\Users\Alumno\Downloads\lab_microp\Laboratorio-Microprocesadores\actions-runner\_work\_actions\actions\checkout\v3'
[2025-11-19 15:14:48Z INFO HostContext] Well known directory 'Bin': 'C:\Users\Alumno\Downloads\lab_microp\Laboratorio-Microprocesadores\actions-runner\bin'
[2025-11-19 15:14:48Z INFO HostContext] Well known directory 'Root': 'C:\Users\Alumno\Downloads\lab_microp\Laboratorio-Microprocesadores\actions-runner'
[2025-11-19 15:14:48Z INFO HostContext] Well known directory 'Work': 'C:\Users\Alumno\Downloads\lab_microp\Laboratorio-Microprocesadores\actions-runner\_work'
[2025-11-19 15:14:48Z INFO HostContext] Well known directory 'Actions': 'C:\Users\Alumno\Downloads\lab_microp\Laboratorio-Microprocesadores\actions-runner\_work\_actions'
[2025-11-19 15:14:48Z INFO ActionManifestManager] Loaded action.yml file: {
  "name": "Checkout",
  "description": "Checkout a Git repository at a particular version",
  "inputs": {
    "type": 2,
    "map": [
      {
        "key": {
          "type": 0,
          "file": 2,
          "line": 4,
          "col": 3,
          "lit": "repository"
        },
        "value": {
          "type": 3,
          "file": 2,
          "line": 6,
          "col": 14,
          "expr": "github.repository"
        }
      },
      {
        "key": {
          "type": 0,
          "file": 2,
          "line": 7,
          "col": 3,
          "lit": "ref"
        },
        "value": ""
      },
      {
        "key": {
          "type": 0,
          "file": 2,
          "line": 12,
          "col": 3,
          "lit": "token"
        },
        "value": {
          "type": 3,
          "file": 2,
          "line": 24,
          "col": 14,
          "expr": "github.token"
        }
      },
      {
        "key": {
          "type": 0,
          "file": 2,
          "line": 25,
          "col": 3,
          "lit": "ssh-key"
        },
        "value": ""
      },
      {
        "key": {
          "type": 0,
          "file": 2,
          "line": 37,
          "col": 3,
          "lit": "ssh-known-hosts"
        },
        "value": ""
      },
      {
        "key": {
          "type": 0,
          "file": 2,
          "line": 42,
          "col": 3,
          "lit": "ssh-strict"
        },
        "value": {
          "type": 0,
          "file": 2,
          "line": 47,
          "col": 14,
          "lit": "true"
        }
      },
      {
        "key": {
          "type": 0,
          "file": 2,
          "line": 48,
          "col": 3,
          "lit": "persist-credentials"
        },
        "value": {
          "type": 0,
          "file": 2,
          "line": 50,
          "col": 14,
          "lit": "true"
        }
      },
      {
        "key": {
          "type": 0,
          "file": 2,
          "line": 51,
          "col": 3,
          "lit": "path"
        },
        "value": ""
      },
      {
        "key": {
          "type": 0,
          "file": 2,
          "line": 53,
          "col": 3,
          "lit": "clean"
        },
        "value": {
          "type": 0,
          "file": 2,
          "line": 55,
          "col": 14,
          "lit": "true"
        }
      },
      {
        "key": {
          "type": 0,
          "file": 2,
          "line": 56,
          "col": 3,
          "lit": "sparse-checkout"
        },
        "value": {
          "type": 0,
          "file": 2,
          "line": 60,
          "col": 14,
          "lit": ""
        }
      },
      {
        "key": {
          "type": 0,
          "file": 2,
          "line": 61,
          "col": 3,
          "lit": "sparse-checkout-cone-mode"
        },
        "value": {
          "type": 0,
          "file": 2,
          "line": 64,
          "col": 14,
          "lit": "true"
        }
      },
      {
        "key": {
          "type": 0,
          "file": 2,
          "line": 65,
          "col": 3,
          "lit": "fetch-depth"
        },
        "value": {
          "type": 0,
          "file": 2,
          "line": 67,
          "col": 14,
          "lit": "1"
        }
      },
      {
        "key": {
          "type": 0,
          "file": 2,
          "line": 68,
          "col": 3,
          "lit": "fetch-tags"
        },
        "value": {
          "type": 0,
          "file": 2,
          "line": 70,
          "col": 14,
          "lit": "false"
        }
      },
      {
        "key": {
          "type": 0,
          "file": 2,
          "line": 71,
          "col": 3,
          "lit": "lfs"
        },
        "value": {
          "type": 0,
          "file": 2,
          "line": 73,
          "col": 14,
          "lit": "false"
        }
      },
      {
        "key": {
          "type": 0,
          "file": 2,
          "line": 74,
          "col": 3,
          "lit": "submodules"
        },
        "value": {
          "type": 0,
          "file": 2,
          "line": 82,
          "col": 14,
          "lit": "false"
        }
      },
      {
        "key": {
          "type": 0,
          "file": 2,
          "line": 83,
          "col": 3,
          "lit": "set-safe-directory"
        },
        "value": {
          "type": 0,
          "file": 2,
          "line": 85,
          "col": 14,
          "lit": "true"
        }
      },
      {
        "key": {
          "type": 0,
          "file": 2,
          "line": 86,
          "col": 3,
          "lit": "github-server-url"
        },
        "value": ""
      }
    ]
  },
  "execution": {
    "executionType": "nodeJS",
    "hasPre": false,
    "hasPost": true,
    "script": "dist/index.js",
    "pre": null,
    "post": "dist/index.js",
    "nodeVersion": "node16",
    "cleanupCondition": "always()",
    "initCondition": "always()"
  },
  "deprecated": null
}
[2025-11-19 15:14:48Z INFO ActionManager] Action pre node.js file: N/A.
[2025-11-19 15:14:48Z INFO ActionManager] Action node.js file: dist/index.js.
[2025-11-19 15:14:48Z INFO ActionManager] Action post node.js file: dist/index.js.
[2025-11-19 15:14:48Z INFO HostContext] Well known directory 'Bin': 'C:\Users\Alumno\Downloads\lab_microp\Laboratorio-Microprocesadores\actions-runner\bin'
[2025-11-19 15:14:48Z INFO HostContext] Well known directory 'Root': 'C:\Users\Alumno\Downloads\lab_microp\Laboratorio-Microprocesadores\actions-runner'
[2025-11-19 15:14:48Z INFO HostContext] Well known directory 'Work': 'C:\Users\Alumno\Downloads\lab_microp\Laboratorio-Microprocesadores\actions-runner\_work'
[2025-11-19 15:14:48Z INFO HostContext] Well known directory 'Actions': 'C:\Users\Alumno\Downloads\lab_microp\Laboratorio-Microprocesadores\actions-runner\_work\_actions'
[2025-11-19 15:14:48Z INFO HostContext] Well known directory 'Bin': 'C:\Users\Alumno\Downloads\lab_microp\Laboratorio-Microprocesadores\actions-runner\bin'
[2025-11-19 15:14:48Z INFO HostContext] Well known directory 'Root': 'C:\Users\Alumno\Downloads\lab_microp\Laboratorio-Microprocesadores\actions-runner'
[2025-11-19 15:14:48Z INFO HostContext] Well known directory 'Work': 'C:\Users\Alumno\Downloads\lab_microp\Laboratorio-Microprocesadores\actions-runner\_work'
[2025-11-19 15:14:48Z INFO HostContext] Well known directory 'Actions': 'C:\Users\Alumno\Downloads\lab_microp\Laboratorio-Microprocesadores\actions-runner\_work\_actions'
[2025-11-19 15:14:48Z INFO ActionManifestManager] Ignore action property author.
[2025-11-19 15:14:48Z INFO ActionManifestManager] Ignore action property branding.
[2025-11-19 15:14:48Z INFO ActionManifestManager] Loaded action.yml file: {
  "name": "Setup Python",
  "description": "Set up a specific version of Python and add the command-line tools to the PATH.",
  "inputs": {
    "type": 2,
    "map": [
      {
        "key": {
          "type": 0,
          "file": 3,
          "line": 6,
          "col": 3,
          "lit": "python-version"
        },
        "value": {
          "type": 0,
          "file": 3,
          "line": 8,
          "col": 14,
          "lit": "3.x"
        }
      },
      {
        "key": {
          "type": 0,
          "file": 3,
          "line": 9,
          "col": 3,
          "lit": "cache"
        },
        "value": ""
      },
      {
        "key": {
          "type": 0,
          "file": 3,
          "line": 12,
          "col": 3,
          "lit": "architecture"
        },
        "value": ""
      },
      {
        "key": {
          "type": 0,
          "file": 3,
          "line": 14,
          "col": 3,
          "lit": "token"
        },
        "value": {
          "type": 3,
          "file": 3,
          "line": 16,
          "col": 14,
          "expr": "github.token"
        }
      },
      {
        "key": {
          "type": 0,
          "file": 3,
          "line": 17,
          "col": 3,
          "lit": "cache-dependency-path"
        },
        "value": ""
      }
    ]
  },
  "execution": {
    "executionType": "nodeJS",
    "hasPre": false,
    "hasPost": true,
    "script": "dist/setup/index.js",
    "pre": null,
    "post": "dist/cache-save/index.js",
    "nodeVersion": "node16",
    "cleanupCondition": "success()",
    "initCondition": "always()"
  },
  "deprecated": null
}
[2025-11-19 15:14:48Z INFO ActionManager] Action node.js file: dist/setup/index.js, no more preparation.
[2025-11-19 15:14:48Z INFO HostContext] Well known directory 'Bin': 'C:\Users\Alumno\Downloads\lab_microp\Laboratorio-Microprocesadores\actions-runner\bin'
[2025-11-19 15:14:48Z INFO HostContext] Well known directory 'Root': 'C:\Users\Alumno\Downloads\lab_microp\Laboratorio-Microprocesadores\actions-runner'
[2025-11-19 15:14:48Z INFO HostContext] Well known directory 'Work': 'C:\Users\Alumno\Downloads\lab_microp\Laboratorio-Microprocesadores\actions-runner\_work'
[2025-11-19 15:14:48Z INFO HostContext] Well known directory 'Actions': 'C:\Users\Alumno\Downloads\lab_microp\Laboratorio-Microprocesadores\actions-runner\_work\_actions'
[2025-11-19 15:14:48Z INFO ActionManager] Load action that reference repository from 'C:\Users\Alumno\Downloads\lab_microp\Laboratorio-Microprocesadores\actions-runner\_work\_actions\actions\setup-python\v3'
[2025-11-19 15:14:48Z INFO HostContext] Well known directory 'Bin': 'C:\Users\Alumno\Downloads\lab_microp\Laboratorio-Microprocesadores\actions-runner\bin'
[2025-11-19 15:14:48Z INFO HostContext] Well known directory 'Root': 'C:\Users\Alumno\Downloads\lab_microp\Laboratorio-Microprocesadores\actions-runner'
[2025-11-19 15:14:48Z INFO HostContext] Well known directory 'Work': 'C:\Users\Alumno\Downloads\lab_microp\Laboratorio-Microprocesadores\actions-runner\_work'
[2025-11-19 15:14:48Z INFO HostContext] Well known directory 'Actions': 'C:\Users\Alumno\Downloads\lab_microp\Laboratorio-Microprocesadores\actions-runner\_work\_actions'
[2025-11-19 15:14:48Z INFO ActionManifestManager] Ignore action property author.
[2025-11-19 15:14:48Z INFO ActionManifestManager] Ignore action property branding.
[2025-11-19 15:14:48Z INFO ActionManifestManager] Loaded action.yml file: {
  "name": "Setup Python",
  "description": "Set up a specific version of Python and add the command-line tools to the PATH.",
  "inputs": {
    "type": 2,
    "map": [
      {
        "key": {
          "type": 0,
          "file": 3,
          "line": 6,
          "col": 3,
          "lit": "python-version"
        },
        "value": {
          "type": 0,
          "file": 3,
          "line": 8,
          "col": 14,
          "lit": "3.x"
        }
      },
      {
        "key": {
          "type": 0,
          "file": 3,
          "line": 9,
          "col": 3,
          "lit": "cache"
        },
        "value": ""
      },
      {
        "key": {
          "type": 0,
          "file": 3,
          "line": 12,
          "col": 3,
          "lit": "architecture"
        },
        "value": ""
      },
      {
        "key": {
          "type": 0,
          "file": 3,
          "line": 14,
          "col": 3,
          "lit": "token"
        },
        "value": {
          "type": 3,
          "file": 3,
          "line": 16,
          "col": 14,
          "expr": "github.token"
        }
      },
      {
        "key": {
          "type": 0,
          "file": 3,
          "line": 17,
          "col": 3,
          "lit": "cache-dependency-path"
        },
        "value": ""
      }
    ]
  },
  "execution": {
    "executionType": "nodeJS",
    "hasPre": false,
    "hasPost": true,
    "script": "dist/setup/index.js",
    "pre": null,
    "post": "dist/cache-save/index.js",
    "nodeVersion": "node16",
    "cleanupCondition": "success()",
    "initCondition": "always()"
  },
  "deprecated": null
}
[2025-11-19 15:14:48Z INFO ActionManager] Action pre node.js file: N/A.
[2025-11-19 15:14:48Z INFO ActionManager] Action node.js file: dist/setup/index.js.
[2025-11-19 15:14:48Z INFO ActionManager] Action post node.js file: dist/cache-save/index.js.
[2025-11-19 15:14:48Z INFO HostContext] Well known directory 'Bin': 'C:\Users\Alumno\Downloads\lab_microp\Laboratorio-Microprocesadores\actions-runner\bin'
[2025-11-19 15:14:48Z INFO HostContext] Well known directory 'Root': 'C:\Users\Alumno\Downloads\lab_microp\Laboratorio-Microprocesadores\actions-runner'
[2025-11-19 15:14:48Z INFO HostContext] Well known directory 'Work': 'C:\Users\Alumno\Downloads\lab_microp\Laboratorio-Microprocesadores\actions-runner\_work'
[2025-11-19 15:14:48Z INFO HostContext] Well known directory 'Actions': 'C:\Users\Alumno\Downloads\lab_microp\Laboratorio-Microprocesadores\actions-runner\_work\_actions'
[2025-11-19 15:14:48Z INFO HostContext] Well known directory 'Bin': 'C:\Users\Alumno\Downloads\lab_microp\Laboratorio-Microprocesadores\actions-runner\bin'
[2025-11-19 15:14:48Z INFO HostContext] Well known directory 'Root': 'C:\Users\Alumno\Downloads\lab_microp\Laboratorio-Microprocesadores\actions-runner'
[2025-11-19 15:14:48Z INFO HostContext] Well known directory 'Work': 'C:\Users\Alumno\Downloads\lab_microp\Laboratorio-Microprocesadores\actions-runner\_work'
[2025-11-19 15:14:48Z INFO HostContext] Well known directory 'Actions': 'C:\Users\Alumno\Downloads\lab_microp\Laboratorio-Microprocesadores\actions-runner\_work\_actions'
[2025-11-19 15:14:48Z INFO ActionManifestManager] Ignore action property author.
[2025-11-19 15:14:48Z INFO ActionManifestManager] Loaded action.yml file: {
  "name": "Upload a Build Artifact",
  "description": "Upload a build artifact that can be used by subsequent workflow steps",
  "inputs": {
    "type": 2,
    "map": [
      {
        "key": {
          "type": 0,
          "file": 4,
          "line": 5,
          "col": 3,
          "lit": "name"
        },
        "value": {
          "type": 0,
          "file": 4,
          "line": 7,
          "col": 14,
          "lit": "artifact"
        }
      },
      {
        "key": {
          "type": 0,
          "file": 4,
          "line": 8,
          "col": 3,
          "lit": "path"
        },
        "value": ""
      },
      {
        "key": {
          "type": 0,
          "file": 4,
          "line": 11,
          "col": 3,
          "lit": "if-no-files-found"
        },
        "value": {
          "type": 0,
          "file": 4,
          "line": 19,
          "col": 14,
          "lit": "warn"
        }
      },
      {
        "key": {
          "type": 0,
          "file": 4,
          "line": 20,
          "col": 3,
          "lit": "retention-days"
        },
        "value": ""
      },
      {
        "key": {
          "type": 0,
          "file": 4,
          "line": 26,
          "col": 3,
          "lit": "compression-level"
        },
        "value": {
          "type": 0,
          "file": 4,
          "line": 36,
          "col": 14,
          "lit": "6"
        }
      },
      {
        "key": {
          "type": 0,
          "file": 4,
          "line": 37,
          "col": 3,
          "lit": "overwrite"
        },
        "value": {
          "type": 0,
          "file": 4,
          "line": 42,
          "col": 14,
          "lit": "false"
        }
      },
      {
        "key": {
          "type": 0,
          "file": 4,
          "line": 43,
          "col": 3,
          "lit": "include-hidden-files"
        },
        "value": {
          "type": 0,
          "file": 4,
          "line": 47,
          "col": 14,
          "lit": "false"
        }
      }
    ]
  },
  "execution": {
    "executionType": "nodeJS",
    "hasPre": false,
    "hasPost": false,
    "script": "dist/upload/index.js",
    "pre": null,
    "post": null,
    "nodeVersion": "node20",
    "cleanupCondition": "always()",
    "initCondition": "always()"
  },
  "deprecated": null
}
[2025-11-19 15:14:48Z INFO ActionManager] Action node.js file: dist/upload/index.js, no more preparation.
[2025-11-19 15:14:48Z INFO HostContext] Well known directory 'Bin': 'C:\Users\Alumno\Downloads\lab_microp\Laboratorio-Microprocesadores\actions-runner\bin'
[2025-11-19 15:14:48Z INFO HostContext] Well known directory 'Root': 'C:\Users\Alumno\Downloads\lab_microp\Laboratorio-Microprocesadores\actions-runner'
[2025-11-19 15:14:48Z INFO HostContext] Well known directory 'Work': 'C:\Users\Alumno\Downloads\lab_microp\Laboratorio-Microprocesadores\actions-runner\_work'
[2025-11-19 15:14:48Z INFO HostContext] Well known directory 'Actions': 'C:\Users\Alumno\Downloads\lab_microp\Laboratorio-Microprocesadores\actions-runner\_work\_actions'
[2025-11-19 15:14:48Z INFO ActionManager] Load action that reference repository from 'C:\Users\Alumno\Downloads\lab_microp\Laboratorio-Microprocesadores\actions-runner\_work\_actions\actions\upload-artifact\v4'
[2025-11-19 15:14:48Z INFO HostContext] Well known directory 'Bin': 'C:\Users\Alumno\Downloads\lab_microp\Laboratorio-Microprocesadores\actions-runner\bin'
[2025-11-19 15:14:48Z INFO HostContext] Well known directory 'Root': 'C:\Users\Alumno\Downloads\lab_microp\Laboratorio-Microprocesadores\actions-runner'
[2025-11-19 15:14:48Z INFO HostContext] Well known directory 'Work': 'C:\Users\Alumno\Downloads\lab_microp\Laboratorio-Microprocesadores\actions-runner\_work'
[2025-11-19 15:14:48Z INFO HostContext] Well known directory 'Actions': 'C:\Users\Alumno\Downloads\lab_microp\Laboratorio-Microprocesadores\actions-runner\_work\_actions'
[2025-11-19 15:14:48Z INFO ActionManifestManager] Ignore action property author.
[2025-11-19 15:14:48Z INFO ActionManifestManager] Loaded action.yml file: {
  "name": "Upload a Build Artifact",
  "description": "Upload a build artifact that can be used by subsequent workflow steps",
  "inputs": {
    "type": 2,
    "map": [
      {
        "key": {
          "type": 0,
          "file": 4,
          "line": 5,
          "col": 3,
          "lit": "name"
        },
        "value": {
          "type": 0,
          "file": 4,
          "line": 7,
          "col": 14,
          "lit": "artifact"
        }
      },
      {
        "key": {
          "type": 0,
          "file": 4,
          "line": 8,
          "col": 3,
          "lit": "path"
        },
        "value": ""
      },
      {
        "key": {
          "type": 0,
          "file": 4,
          "line": 11,
          "col": 3,
          "lit": "if-no-files-found"
        },
        "value": {
          "type": 0,
          "file": 4,
          "line": 19,
          "col": 14,
          "lit": "warn"
        }
      },
      {
        "key": {
          "type": 0,
          "file": 4,
          "line": 20,
          "col": 3,
          "lit": "retention-days"
        },
        "value": ""
      },
      {
        "key": {
          "type": 0,
          "file": 4,
          "line": 26,
          "col": 3,
          "lit": "compression-level"
        },
        "value": {
          "type": 0,
          "file": 4,
          "line": 36,
          "col": 14,
          "lit": "6"
        }
      },
      {
        "key": {
          "type": 0,
          "file": 4,
          "line": 37,
          "col": 3,
          "lit": "overwrite"
        },
        "value": {
          "type": 0,
          "file": 4,
          "line": 42,
          "col": 14,
          "lit": "false"
        }
      },
      {
        "key": {
          "type": 0,
          "file": 4,
          "line": 43,
          "col": 3,
          "lit": "include-hidden-files"
        },
        "value": {
          "type": 0,
          "file": 4,
          "line": 47,
          "col": 14,
          "lit": "false"
        }
      }
    ]
  },
  "execution": {
    "executionType": "nodeJS",
    "hasPre": false,
    "hasPost": false,
    "script": "dist/upload/index.js",
    "pre": null,
    "post": null,
    "nodeVersion": "node20",
    "cleanupCondition": "always()",
    "initCondition": "always()"
  },
  "deprecated": null
}
[2025-11-19 15:14:48Z INFO ActionManager] Action pre node.js file: N/A.
[2025-11-19 15:14:48Z INFO ActionManager] Action node.js file: dist/upload/index.js.
[2025-11-19 15:14:48Z INFO ActionManager] Action post node.js file: N/A.
[2025-11-19 15:14:48Z INFO HostContext] Well known directory 'Bin': 'C:\Users\Alumno\Downloads\lab_microp\Laboratorio-Microprocesadores\actions-runner\bin'
[2025-11-19 15:14:48Z INFO HostContext] Well known directory 'Root': 'C:\Users\Alumno\Downloads\lab_microp\Laboratorio-Microprocesadores\actions-runner'
[2025-11-19 15:14:48Z INFO HostContext] Well known directory 'Work': 'C:\Users\Alumno\Downloads\lab_microp\Laboratorio-Microprocesadores\actions-runner\_work'
[2025-11-19 15:14:48Z INFO HostContext] Well known directory 'Actions': 'C:\Users\Alumno\Downloads\lab_microp\Laboratorio-Microprocesadores\actions-runner\_work\_actions'
[2025-11-19 15:14:48Z INFO HostContext] Well known directory 'Bin': 'C:\Users\Alumno\Downloads\lab_microp\Laboratorio-Microprocesadores\actions-runner\bin'
[2025-11-19 15:14:48Z INFO HostContext] Well known directory 'Root': 'C:\Users\Alumno\Downloads\lab_microp\Laboratorio-Microprocesadores\actions-runner'
[2025-11-19 15:14:48Z INFO HostContext] Well known directory 'Work': 'C:\Users\Alumno\Downloads\lab_microp\Laboratorio-Microprocesadores\actions-runner\_work'
[2025-11-19 15:14:48Z INFO HostContext] Well known directory 'Actions': 'C:\Users\Alumno\Downloads\lab_microp\Laboratorio-Microprocesadores\actions-runner\_work\_actions'
[2025-11-19 15:14:48Z INFO ActionManifestManager] Ignore action property author.
[2025-11-19 15:14:48Z INFO ActionManifestManager] Loaded action.yml file: {
  "name": "Upload a Build Artifact",
  "description": "Upload a build artifact that can be used by subsequent workflow steps",
  "inputs": {
    "type": 2,
    "map": [
      {
        "key": {
          "type": 0,
          "file": 4,
          "line": 5,
          "col": 3,
          "lit": "name"
        },
        "value": {
          "type": 0,
          "file": 4,
          "line": 7,
          "col": 14,
          "lit": "artifact"
        }
      },
      {
        "key": {
          "type": 0,
          "file": 4,
          "line": 8,
          "col": 3,
          "lit": "path"
        },
        "value": ""
      },
      {
        "key": {
          "type": 0,
          "file": 4,
          "line": 11,
          "col": 3,
          "lit": "if-no-files-found"
        },
        "value": {
          "type": 0,
          "file": 4,
          "line": 19,
          "col": 14,
          "lit": "warn"
        }
      },
      {
        "key": {
          "type": 0,
          "file": 4,
          "line": 20,
          "col": 3,
          "lit": "retention-days"
        },
        "value": ""
      },
      {
        "key": {
          "type": 0,
          "file": 4,
          "line": 26,
          "col": 3,
          "lit": "compression-level"
        },
        "value": {
          "type": 0,
          "file": 4,
          "line": 36,
          "col": 14,
          "lit": "6"
        }
      },
      {
        "key": {
          "type": 0,
          "file": 4,
          "line": 37,
          "col": 3,
          "lit": "overwrite"
        },
        "value": {
          "type": 0,
          "file": 4,
          "line": 42,
          "col": 14,
          "lit": "false"
        }
      },
      {
        "key": {
          "type": 0,
          "file": 4,
          "line": 43,
          "col": 3,
          "lit": "include-hidden-files"
        },
        "value": {
          "type": 0,
          "file": 4,
          "line": 47,
          "col": 14,
          "lit": "false"
        }
      }
    ]
  },
  "execution": {
    "executionType": "nodeJS",
    "hasPre": false,
    "hasPost": false,
    "script": "dist/upload/index.js",
    "pre": null,
    "post": null,
    "nodeVersion": "node20",
    "cleanupCondition": "always()",
    "initCondition": "always()"
  },
  "deprecated": null
}
[2025-11-19 15:14:48Z INFO ActionManager] Action node.js file: dist/upload/index.js, no more preparation.
[2025-11-19 15:14:48Z INFO HostContext] Well known directory 'Bin': 'C:\Users\Alumno\Downloads\lab_microp\Laboratorio-Microprocesadores\actions-runner\bin'
[2025-11-19 15:14:48Z INFO HostContext] Well known directory 'Root': 'C:\Users\Alumno\Downloads\lab_microp\Laboratorio-Microprocesadores\actions-runner'
[2025-11-19 15:14:48Z INFO HostContext] Well known directory 'Work': 'C:\Users\Alumno\Downloads\lab_microp\Laboratorio-Microprocesadores\actions-runner\_work'
[2025-11-19 15:14:48Z INFO HostContext] Well known directory 'Actions': 'C:\Users\Alumno\Downloads\lab_microp\Laboratorio-Microprocesadores\actions-runner\_work\_actions'
[2025-11-19 15:14:48Z INFO ActionManager] Load action that reference repository from 'C:\Users\Alumno\Downloads\lab_microp\Laboratorio-Microprocesadores\actions-runner\_work\_actions\actions\upload-artifact\v4'
[2025-11-19 15:14:48Z INFO HostContext] Well known directory 'Bin': 'C:\Users\Alumno\Downloads\lab_microp\Laboratorio-Microprocesadores\actions-runner\bin'
[2025-11-19 15:14:48Z INFO HostContext] Well known directory 'Root': 'C:\Users\Alumno\Downloads\lab_microp\Laboratorio-Microprocesadores\actions-runner'
[2025-11-19 15:14:48Z INFO HostContext] Well known directory 'Work': 'C:\Users\Alumno\Downloads\lab_microp\Laboratorio-Microprocesadores\actions-runner\_work'
[2025-11-19 15:14:48Z INFO HostContext] Well known directory 'Actions': 'C:\Users\Alumno\Downloads\lab_microp\Laboratorio-Microprocesadores\actions-runner\_work\_actions'
[2025-11-19 15:14:48Z INFO ActionManifestManager] Ignore action property author.
[2025-11-19 15:14:48Z INFO ActionManifestManager] Loaded action.yml file: {
  "name": "Upload a Build Artifact",
  "description": "Upload a build artifact that can be used by subsequent workflow steps",
  "inputs": {
    "type": 2,
    "map": [
      {
        "key": {
          "type": 0,
          "file": 4,
          "line": 5,
          "col": 3,
          "lit": "name"
        },
        "value": {
          "type": 0,
          "file": 4,
          "line": 7,
          "col": 14,
          "lit": "artifact"
        }
      },
      {
        "key": {
          "type": 0,
          "file": 4,
          "line": 8,
          "col": 3,
          "lit": "path"
        },
        "value": ""
      },
      {
        "key": {
          "type": 0,
          "file": 4,
          "line": 11,
          "col": 3,
          "lit": "if-no-files-found"
        },
        "value": {
          "type": 0,
          "file": 4,
          "line": 19,
          "col": 14,
          "lit": "warn"
        }
      },
      {
        "key": {
          "type": 0,
          "file": 4,
          "line": 20,
          "col": 3,
          "lit": "retention-days"
        },
        "value": ""
      },
      {
        "key": {
          "type": 0,
          "file": 4,
          "line": 26,
          "col": 3,
          "lit": "compression-level"
        },
        "value": {
          "type": 0,
          "file": 4,
          "line": 36,
          "col": 14,
          "lit": "6"
        }
      },
      {
        "key": {
          "type": 0,
          "file": 4,
          "line": 37,
          "col": 3,
          "lit": "overwrite"
        },
        "value": {
          "type": 0,
          "file": 4,
          "line": 42,
          "col": 14,
          "lit": "false"
        }
      },
      {
        "key": {
          "type": 0,
          "file": 4,
          "line": 43,
          "col": 3,
          "lit": "include-hidden-files"
        },
        "value": {
          "type": 0,
          "file": 4,
          "line": 47,
          "col": 14,
          "lit": "false"
        }
      }
    ]
  },
  "execution": {
    "executionType": "nodeJS",
    "hasPre": false,
    "hasPost": false,
    "script": "dist/upload/index.js",
    "pre": null,
    "post": null,
    "nodeVersion": "node20",
    "cleanupCondition": "always()",
    "initCondition": "always()"
  },
  "deprecated": null
}
[2025-11-19 15:14:48Z INFO ActionManager] Action pre node.js file: N/A.
[2025-11-19 15:14:48Z INFO ActionManager] Action node.js file: dist/upload/index.js.
[2025-11-19 15:14:48Z INFO ActionManager] Action post node.js file: N/A.
[2025-11-19 15:14:48Z INFO JobExtension] Adding .
[2025-11-19 15:14:48Z INFO JobExtension] Adding .
[2025-11-19 15:14:48Z INFO JobExtension] Adding .
[2025-11-19 15:14:48Z INFO JobExtension] Adding .
[2025-11-19 15:14:48Z INFO JobExtension] Adding .
[2025-11-19 15:14:48Z INFO JobExtension] Adding .
[2025-11-19 15:14:48Z INFO HostContext] Well known directory 'Bin': 'C:\Users\Alumno\Downloads\lab_microp\Laboratorio-Microprocesadores\actions-runner\bin'
[2025-11-19 15:14:48Z INFO HostContext] Well known directory 'Root': 'C:\Users\Alumno\Downloads\lab_microp\Laboratorio-Microprocesadores\actions-runner'
[2025-11-19 15:14:48Z INFO HostContext] Well known directory 'Diag': 'C:\Users\Alumno\Downloads\lab_microp\Laboratorio-Microprocesadores\actions-runner\_diag'
[2025-11-19 15:14:48Z INFO HostContext] Well known directory 'Bin': 'C:\Users\Alumno\Downloads\lab_microp\Laboratorio-Microprocesadores\actions-runner\bin'
[2025-11-19 15:14:48Z INFO HostContext] Well known directory 'Root': 'C:\Users\Alumno\Downloads\lab_microp\Laboratorio-Microprocesadores\actions-runner'
[2025-11-19 15:14:48Z INFO HostContext] Well known directory 'Diag': 'C:\Users\Alumno\Downloads\lab_microp\Laboratorio-Microprocesadores\actions-runner\_diag'
[2025-11-19 15:14:48Z INFO HostContext] Well known directory 'Bin': 'C:\Users\Alumno\Downloads\lab_microp\Laboratorio-Microprocesadores\actions-runner\bin'
[2025-11-19 15:14:48Z INFO HostContext] Well known directory 'Root': 'C:\Users\Alumno\Downloads\lab_microp\Laboratorio-Microprocesadores\actions-runner'
[2025-11-19 15:14:48Z INFO HostContext] Well known directory 'Diag': 'C:\Users\Alumno\Downloads\lab_microp\Laboratorio-Microprocesadores\actions-runner\_diag'
[2025-11-19 15:14:48Z INFO HostContext] Well known directory 'Bin': 'C:\Users\Alumno\Downloads\lab_microp\Laboratorio-Microprocesadores\actions-runner\bin'
[2025-11-19 15:14:48Z INFO HostContext] Well known directory 'Root': 'C:\Users\Alumno\Downloads\lab_microp\Laboratorio-Microprocesadores\actions-runner'
[2025-11-19 15:14:48Z INFO HostContext] Well known directory 'Diag': 'C:\Users\Alumno\Downloads\lab_microp\Laboratorio-Microprocesadores\actions-runner\_diag'
[2025-11-19 15:14:48Z INFO HostContext] Well known directory 'Bin': 'C:\Users\Alumno\Downloads\lab_microp\Laboratorio-Microprocesadores\actions-runner\bin'
[2025-11-19 15:14:48Z INFO HostContext] Well known directory 'Root': 'C:\Users\Alumno\Downloads\lab_microp\Laboratorio-Microprocesadores\actions-runner'
[2025-11-19 15:14:48Z INFO HostContext] Well known directory 'Diag': 'C:\Users\Alumno\Downloads\lab_microp\Laboratorio-Microprocesadores\actions-runner\_diag'
[2025-11-19 15:14:48Z INFO HostContext] Well known directory 'Bin': 'C:\Users\Alumno\Downloads\lab_microp\Laboratorio-Microprocesadores\actions-runner\bin'
[2025-11-19 15:14:48Z INFO HostContext] Well known directory 'Root': 'C:\Users\Alumno\Downloads\lab_microp\Laboratorio-Microprocesadores\actions-runner'
[2025-11-19 15:14:48Z INFO HostContext] Well known directory 'Diag': 'C:\Users\Alumno\Downloads\lab_microp\Laboratorio-Microprocesadores\actions-runner\_diag'
[2025-11-19 15:14:48Z INFO HostContext] Well known directory 'Bin': 'C:\Users\Alumno\Downloads\lab_microp\Laboratorio-Microprocesadores\actions-runner\bin'
[2025-11-19 15:14:48Z INFO HostContext] Well known directory 'Root': 'C:\Users\Alumno\Downloads\lab_microp\Laboratorio-Microprocesadores\actions-runner'
[2025-11-19 15:14:48Z INFO HostContext] Well known directory 'Diag': 'C:\Users\Alumno\Downloads\lab_microp\Laboratorio-Microprocesadores\actions-runner\_diag'
[2025-11-19 15:14:48Z INFO HostContext] Well known directory 'Bin': 'C:\Users\Alumno\Downloads\lab_microp\Laboratorio-Microprocesadores\actions-runner\bin'
[2025-11-19 15:14:48Z INFO HostContext] Well known directory 'Root': 'C:\Users\Alumno\Downloads\lab_microp\Laboratorio-Microprocesadores\actions-runner'
[2025-11-19 15:14:48Z INFO HostContext] Well known directory 'Diag': 'C:\Users\Alumno\Downloads\lab_microp\Laboratorio-Microprocesadores\actions-runner\_diag'
[2025-11-19 15:14:48Z INFO HostContext] Well known directory 'Bin': 'C:\Users\Alumno\Downloads\lab_microp\Laboratorio-Microprocesadores\actions-runner\bin'
[2025-11-19 15:14:48Z INFO HostContext] Well known directory 'Root': 'C:\Users\Alumno\Downloads\lab_microp\Laboratorio-Microprocesadores\actions-runner'
[2025-11-19 15:14:48Z INFO HostContext] Well known directory 'Diag': 'C:\Users\Alumno\Downloads\lab_microp\Laboratorio-Microprocesadores\actions-runner\_diag'
[2025-11-19 15:14:48Z INFO HostContext] Well known directory 'Bin': 'C:\Users\Alumno\Downloads\lab_microp\Laboratorio-Microprocesadores\actions-runner\bin'
[2025-11-19 15:14:48Z INFO HostContext] Well known directory 'Root': 'C:\Users\Alumno\Downloads\lab_microp\Laboratorio-Microprocesadores\actions-runner'
[2025-11-19 15:14:48Z INFO HostContext] Well known directory 'Diag': 'C:\Users\Alumno\Downloads\lab_microp\Laboratorio-Microprocesadores\actions-runner\_diag'
[2025-11-19 15:14:48Z INFO HostContext] Well known directory 'Bin': 'C:\Users\Alumno\Downloads\lab_microp\Laboratorio-Microprocesadores\actions-runner\bin'
[2025-11-19 15:14:48Z INFO HostContext] Well known directory 'Root': 'C:\Users\Alumno\Downloads\lab_microp\Laboratorio-Microprocesadores\actions-runner'
[2025-11-19 15:14:48Z INFO HostContext] Well known directory 'Diag': 'C:\Users\Alumno\Downloads\lab_microp\Laboratorio-Microprocesadores\actions-runner\_diag'
[2025-11-19 15:14:48Z INFO HostContext] Well known directory 'Bin': 'C:\Users\Alumno\Downloads\lab_microp\Laboratorio-Microprocesadores\actions-runner\bin'
[2025-11-19 15:14:48Z INFO HostContext] Well known directory 'Root': 'C:\Users\Alumno\Downloads\lab_microp\Laboratorio-Microprocesadores\actions-runner'
[2025-11-19 15:14:48Z INFO HostContext] Well known directory 'Diag': 'C:\Users\Alumno\Downloads\lab_microp\Laboratorio-Microprocesadores\actions-runner\_diag'
[2025-11-19 15:14:48Z INFO JobServerQueue] Try to append 1 batches web console lines for record '3acb8ec9-4e42-4741-baed-0be170b761f3', success rate: 1/1.
[2025-11-19 15:14:48Z INFO JobExtension] Total accessible running process: 283.
[2025-11-19 15:14:48Z INFO HostContext] Well known directory 'Bin': 'C:\Users\Alumno\Downloads\lab_microp\Laboratorio-Microprocesadores\actions-runner\bin'
[2025-11-19 15:14:48Z INFO HostContext] Well known directory 'Root': 'C:\Users\Alumno\Downloads\lab_microp\Laboratorio-Microprocesadores\actions-runner'
[2025-11-19 15:14:48Z INFO HostContext] Well known directory 'Work': 'C:\Users\Alumno\Downloads\lab_microp\Laboratorio-Microprocesadores\actions-runner\_work'
[2025-11-19 15:14:48Z INFO JobExtension] Start checking service connectivity in background.
[2025-11-19 15:14:48Z INFO ExecutionContext] Publish step telemetry for current step {
  "action": "setup_job",
  "type": "runner",
  "stage": "Pre",
  "stepId": "3acb8ec9-4e42-4741-baed-0be170b761f3",
  "result": "succeeded",
  "errorMessages": [],
  "executionTimeInSeconds": 7,
  "startTime": "2025-11-19T15:14:41.8038055Z",
  "finishTime": "2025-11-19T15:14:48.4874844Z"
}.
[2025-11-19 15:14:48Z INFO JobRunner] Total job steps: 6.
[2025-11-19 15:14:48Z INFO JobRunner] Run all job steps.
[2025-11-19 15:14:48Z INFO StepsRunner] Processing step: DisplayName='Checkout code'
[2025-11-19 15:14:48Z INFO StepsRunner] Evaluating: success()
[2025-11-19 15:14:48Z INFO StepsRunner] Result: true
[2025-11-19 15:14:48Z INFO StepsRunner] Starting the step.
[2025-11-19 15:14:48Z INFO HostContext] Well known directory 'Bin': 'C:\Users\Alumno\Downloads\lab_microp\Laboratorio-Microprocesadores\actions-runner\bin'
[2025-11-19 15:14:48Z INFO HostContext] Well known directory 'Root': 'C:\Users\Alumno\Downloads\lab_microp\Laboratorio-Microprocesadores\actions-runner'
[2025-11-19 15:14:48Z INFO HostContext] Well known directory 'Work': 'C:\Users\Alumno\Downloads\lab_microp\Laboratorio-Microprocesadores\actions-runner\_work'
[2025-11-19 15:14:48Z INFO StepsRunner] Which2: 'chcp'
[2025-11-19 15:14:48Z INFO StepsRunner] Location: 'C:\WINDOWS\system32\chcp.COM'
[2025-11-19 15:14:48Z INFO ProcessInvokerWrapper] Starting process:
[2025-11-19 15:14:48Z INFO ProcessInvokerWrapper]   File name: 'C:\WINDOWS\system32\chcp.COM'
[2025-11-19 15:14:48Z INFO ProcessInvokerWrapper]   Arguments: '65001'
[2025-11-19 15:14:48Z INFO ProcessInvokerWrapper]   Working directory: 'C:\Users\Alumno\Downloads\lab_microp\Laboratorio-Microprocesadores\actions-runner\_work'
[2025-11-19 15:14:48Z INFO ProcessInvokerWrapper]   Require exit code zero: 'False'
[2025-11-19 15:14:48Z INFO ProcessInvokerWrapper]   Encoding web name:  ; code page: ''
[2025-11-19 15:14:48Z INFO ProcessInvokerWrapper]   Force kill process on cancellation: 'False'
[2025-11-19 15:14:48Z INFO ProcessInvokerWrapper]   Redirected STDIN: 'False'
[2025-11-19 15:14:48Z INFO ProcessInvokerWrapper]   Persist current code page: 'True'
[2025-11-19 15:14:48Z INFO ProcessInvokerWrapper]   Keep redirected STDIN open: 'False'
[2025-11-19 15:14:48Z INFO ProcessInvokerWrapper]   High priority process: 'False'
[2025-11-19 15:14:48Z INFO ProcessInvokerWrapper] Process started with process id 11612, waiting for process exit.
[2025-11-19 15:14:48Z INFO ProcessInvokerWrapper] STDOUT/STDERR stream read finished.
[2025-11-19 15:14:48Z INFO ProcessInvokerWrapper] STDOUT/STDERR stream read finished.
[2025-11-19 15:14:48Z INFO ProcessInvokerWrapper] Finished process 11612 with exit code 0, and elapsed time 00:00:00.0431192.
[2025-11-19 15:14:48Z INFO StepsRunner] Successfully returned to code page 65001 (UTF8)
[2025-11-19 15:14:48Z INFO HostContext] Well known directory 'Bin': 'C:\Users\Alumno\Downloads\lab_microp\Laboratorio-Microprocesadores\actions-runner\bin'
[2025-11-19 15:14:48Z INFO HostContext] Well known directory 'Root': 'C:\Users\Alumno\Downloads\lab_microp\Laboratorio-Microprocesadores\actions-runner'
[2025-11-19 15:14:48Z INFO HostContext] Well known directory 'Work': 'C:\Users\Alumno\Downloads\lab_microp\Laboratorio-Microprocesadores\actions-runner\_work'
[2025-11-19 15:14:48Z INFO HostContext] Well known directory 'Actions': 'C:\Users\Alumno\Downloads\lab_microp\Laboratorio-Microprocesadores\actions-runner\_work\_actions'
[2025-11-19 15:14:48Z INFO ActionManager] Load action that reference repository from 'C:\Users\Alumno\Downloads\lab_microp\Laboratorio-Microprocesadores\actions-runner\_work\_actions\actions\checkout\v3'
[2025-11-19 15:14:48Z INFO HostContext] Well known directory 'Bin': 'C:\Users\Alumno\Downloads\lab_microp\Laboratorio-Microprocesadores\actions-runner\bin'
[2025-11-19 15:14:48Z INFO HostContext] Well known directory 'Root': 'C:\Users\Alumno\Downloads\lab_microp\Laboratorio-Microprocesadores\actions-runner'
[2025-11-19 15:14:48Z INFO HostContext] Well known directory 'Work': 'C:\Users\Alumno\Downloads\lab_microp\Laboratorio-Microprocesadores\actions-runner\_work'
[2025-11-19 15:14:48Z INFO HostContext] Well known directory 'Actions': 'C:\Users\Alumno\Downloads\lab_microp\Laboratorio-Microprocesadores\actions-runner\_work\_actions'
[2025-11-19 15:14:48Z INFO ActionManifestManager] Loaded action.yml file: {
  "name": "Checkout",
  "description": "Checkout a Git repository at a particular version",
  "inputs": {
    "type": 2,
    "map": [
      {
        "key": {
          "type": 0,
          "file": 2,
          "line": 4,
          "col": 3,
          "lit": "repository"
        },
        "value": {
          "type": 3,
          "file": 2,
          "line": 6,
          "col": 14,
          "expr": "github.repository"
        }
      },
      {
        "key": {
          "type": 0,
          "file": 2,
          "line": 7,
          "col": 3,
          "lit": "ref"
        },
        "value": ""
      },
      {
        "key": {
          "type": 0,
          "file": 2,
          "line": 12,
          "col": 3,
          "lit": "token"
        },
        "value": {
          "type": 3,
          "file": 2,
          "line": 24,
          "col": 14,
          "expr": "github.token"
        }
      },
      {
        "key": {
          "type": 0,
          "file": 2,
          "line": 25,
          "col": 3,
          "lit": "ssh-key"
        },
        "value": ""
      },
      {
        "key": {
          "type": 0,
          "file": 2,
          "line": 37,
          "col": 3,
          "lit": "ssh-known-hosts"
        },
        "value": ""
      },
      {
        "key": {
          "type": 0,
          "file": 2,
          "line": 42,
          "col": 3,
          "lit": "ssh-strict"
        },
        "value": {
          "type": 0,
          "file": 2,
          "line": 47,
          "col": 14,
          "lit": "true"
        }
      },
      {
        "key": {
          "type": 0,
          "file": 2,
          "line": 48,
          "col": 3,
          "lit": "persist-credentials"
        },
        "value": {
          "type": 0,
          "file": 2,
          "line": 50,
          "col": 14,
          "lit": "true"
        }
      },
      {
        "key": {
          "type": 0,
          "file": 2,
          "line": 51,
          "col": 3,
          "lit": "path"
        },
        "value": ""
      },
      {
        "key": {
          "type": 0,
          "file": 2,
          "line": 53,
          "col": 3,
          "lit": "clean"
        },
        "value": {
          "type": 0,
          "file": 2,
          "line": 55,
          "col": 14,
          "lit": "true"
        }
      },
      {
        "key": {
          "type": 0,
          "file": 2,
          "line": 56,
          "col": 3,
          "lit": "sparse-checkout"
        },
        "value": {
          "type": 0,
          "file": 2,
          "line": 60,
          "col": 14,
          "lit": ""
        }
      },
      {
        "key": {
          "type": 0,
          "file": 2,
          "line": 61,
          "col": 3,
          "lit": "sparse-checkout-cone-mode"
        },
        "value": {
          "type": 0,
          "file": 2,
          "line": 64,
          "col": 14,
          "lit": "true"
        }
      },
      {
        "key": {
          "type": 0,
          "file": 2,
          "line": 65,
          "col": 3,
          "lit": "fetch-depth"
        },
        "value": {
          "type": 0,
          "file": 2,
          "line": 67,
          "col": 14,
          "lit": "1"
        }
      },
      {
        "key": {
          "type": 0,
          "file": 2,
          "line": 68,
          "col": 3,
          "lit": "fetch-tags"
        },
        "value": {
          "type": 0,
          "file": 2,
          "line": 70,
          "col": 14,
          "lit": "false"
        }
      },
      {
        "key": {
          "type": 0,
          "file": 2,
          "line": 71,
          "col": 3,
          "lit": "lfs"
        },
        "value": {
          "type": 0,
          "file": 2,
          "line": 73,
          "col": 14,
          "lit": "false"
        }
      },
      {
        "key": {
          "type": 0,
          "file": 2,
          "line": 74,
          "col": 3,
          "lit": "submodules"
        },
        "value": {
          "type": 0,
          "file": 2,
          "line": 82,
          "col": 14,
          "lit": "false"
        }
      },
      {
        "key": {
          "type": 0,
          "file": 2,
          "line": 83,
          "col": 3,
          "lit": "set-safe-directory"
        },
        "value": {
          "type": 0,
          "file": 2,
          "line": 85,
          "col": 14,
          "lit": "true"
        }
      },
      {
        "key": {
          "type": 0,
          "file": 2,
          "line": 86,
          "col": 3,
          "lit": "github-server-url"
        },
        "value": ""
      }
    ]
  },
  "execution": {
    "executionType": "nodeJS",
    "hasPre": false,
    "hasPost": true,
    "script": "dist/index.js",
    "pre": null,
    "post": "dist/index.js",
    "nodeVersion": "node16",
    "cleanupCondition": "always()",
    "initCondition": "always()"
  },
  "deprecated": null
}
[2025-11-19 15:14:48Z INFO ActionManager] Action pre node.js file: N/A.
[2025-11-19 15:14:48Z INFO ActionManager] Action node.js file: dist/index.js.
[2025-11-19 15:14:48Z INFO ActionManager] Action post node.js file: dist/index.js.
[2025-11-19 15:14:48Z INFO ExecutionContext] Reserve record order 8 to 14 for post job actions.
[2025-11-19 15:14:48Z INFO HostContext] Well known directory 'Bin': 'C:\Users\Alumno\Downloads\lab_microp\Laboratorio-Microprocesadores\actions-runner\bin'
[2025-11-19 15:14:48Z INFO HostContext] Well known directory 'Root': 'C:\Users\Alumno\Downloads\lab_microp\Laboratorio-Microprocesadores\actions-runner'
[2025-11-19 15:14:48Z INFO HostContext] Well known directory 'Diag': 'C:\Users\Alumno\Downloads\lab_microp\Laboratorio-Microprocesadores\actions-runner\_diag'
[2025-11-19 15:14:48Z INFO HostContext] Well known directory 'Bin': 'C:\Users\Alumno\Downloads\lab_microp\Laboratorio-Microprocesadores\actions-runner\bin'
[2025-11-19 15:14:48Z INFO HostContext] Well known directory 'Root': 'C:\Users\Alumno\Downloads\lab_microp\Laboratorio-Microprocesadores\actions-runner'
[2025-11-19 15:14:48Z INFO HostContext] Well known directory 'Diag': 'C:\Users\Alumno\Downloads\lab_microp\Laboratorio-Microprocesadores\actions-runner\_diag'
[2025-11-19 15:14:48Z INFO HostContext] Well known directory 'Bin': 'C:\Users\Alumno\Downloads\lab_microp\Laboratorio-Microprocesadores\actions-runner\bin'
[2025-11-19 15:14:48Z INFO HostContext] Well known directory 'Root': 'C:\Users\Alumno\Downloads\lab_microp\Laboratorio-Microprocesadores\actions-runner'
[2025-11-19 15:14:48Z INFO HostContext] Well known directory 'Work': 'C:\Users\Alumno\Downloads\lab_microp\Laboratorio-Microprocesadores\actions-runner\_work'
[2025-11-19 15:14:48Z INFO HostContext] Well known directory 'Temp': 'C:\Users\Alumno\Downloads\lab_microp\Laboratorio-Microprocesadores\actions-runner\_work\_temp'
[2025-11-19 15:14:48Z INFO ExecutionContext] Write event payload to C:\Users\Alumno\Downloads\lab_microp\Laboratorio-Microprocesadores\actions-runner\_work\_temp\_github_workflow\event.json
[2025-11-19 15:14:48Z INFO HostContext] Well known directory 'Bin': 'C:\Users\Alumno\Downloads\lab_microp\Laboratorio-Microprocesadores\actions-runner\bin'
[2025-11-19 15:14:48Z INFO HostContext] Well known directory 'Root': 'C:\Users\Alumno\Downloads\lab_microp\Laboratorio-Microprocesadores\actions-runner'
[2025-11-19 15:14:48Z INFO HostContext] Well known directory 'Work': 'C:\Users\Alumno\Downloads\lab_microp\Laboratorio-Microprocesadores\actions-runner\_work'
[2025-11-19 15:14:48Z INFO HostContext] Well known directory 'Temp': 'C:\Users\Alumno\Downloads\lab_microp\Laboratorio-Microprocesadores\actions-runner\_work\_temp'
[2025-11-19 15:14:48Z INFO ExtensionManager] Getting extensions for interface: 'GitHub.Runner.Worker.IFileCommandExtension'
[2025-11-19 15:14:48Z INFO ExtensionManager] Creating instance: GitHub.Runner.Worker.AddPathFileCommand, Runner.Worker
[2025-11-19 15:14:48Z INFO ExtensionManager] Creating instance: GitHub.Runner.Worker.SetEnvFileCommand, Runner.Worker
[2025-11-19 15:14:48Z INFO ExtensionManager] Creating instance: GitHub.Runner.Worker.CreateStepSummaryCommand, Runner.Worker
[2025-11-19 15:14:48Z INFO ExtensionManager] Creating instance: GitHub.Runner.Worker.SaveStateFileCommand, Runner.Worker
[2025-11-19 15:14:48Z INFO ExtensionManager] Creating instance: GitHub.Runner.Worker.SetOutputFileCommand, Runner.Worker
[2025-11-19 15:14:48Z INFO ActionManifestManager] Input 'repository': default value evaluate result: {
  "type": 0,
  "file": 2,
  "line": 6,
  "col": 14,
  "lit": "KakinSas/Laboratorio-Microprocesadores"
}
[2025-11-19 15:14:48Z INFO ActionManifestManager] Input 'ref': default value evaluate result: ""
[2025-11-19 15:14:48Z INFO ActionManifestManager] Input 'token': default value evaluate result: {
  "type": 0,
  "file": 2,
  "line": 24,
  "col": 14,
  "lit": "***"
}
[2025-11-19 15:14:48Z INFO ActionManifestManager] Input 'ssh-key': default value evaluate result: ""
[2025-11-19 15:14:48Z INFO ActionManifestManager] Input 'ssh-known-hosts': default value evaluate result: ""
[2025-11-19 15:14:48Z INFO ActionManifestManager] Input 'ssh-strict': default value evaluate result: {
  "type": 0,
  "file": 2,
  "line": 47,
  "col": 14,
  "lit": "true"
}
[2025-11-19 15:14:48Z INFO ActionManifestManager] Input 'persist-credentials': default value evaluate result: {
  "type": 0,
  "file": 2,
  "line": 50,
  "col": 14,
  "lit": "true"
}
[2025-11-19 15:14:48Z INFO ActionManifestManager] Input 'path': default value evaluate result: ""
[2025-11-19 15:14:48Z INFO ActionManifestManager] Input 'clean': default value evaluate result: {
  "type": 0,
  "file": 2,
  "line": 55,
  "col": 14,
  "lit": "true"
}
[2025-11-19 15:14:48Z INFO ActionManifestManager] Input 'sparse-checkout': default value evaluate result: {
  "type": 0,
  "file": 2,
  "line": 60,
  "col": 14,
  "lit": ""
}
[2025-11-19 15:14:48Z INFO ActionManifestManager] Input 'sparse-checkout-cone-mode': default value evaluate result: {
  "type": 0,
  "file": 2,
  "line": 64,
  "col": 14,
  "lit": "true"
}
[2025-11-19 15:14:48Z INFO ActionManifestManager] Input 'fetch-depth': default value evaluate result: {
  "type": 0,
  "file": 2,
  "line": 67,
  "col": 14,
  "lit": "1"
}
[2025-11-19 15:14:48Z INFO ActionManifestManager] Input 'fetch-tags': default value evaluate result: {
  "type": 0,
  "file": 2,
  "line": 70,
  "col": 14,
  "lit": "false"
}
[2025-11-19 15:14:48Z INFO ActionManifestManager] Input 'lfs': default value evaluate result: {
  "type": 0,
  "file": 2,
  "line": 73,
  "col": 14,
  "lit": "false"
}
[2025-11-19 15:14:48Z INFO ActionManifestManager] Input 'submodules': default value evaluate result: {
  "type": 0,
  "file": 2,
  "line": 82,
  "col": 14,
  "lit": "false"
}
[2025-11-19 15:14:48Z INFO ActionManifestManager] Input 'set-safe-directory': default value evaluate result: {
  "type": 0,
  "file": 2,
  "line": 85,
  "col": 14,
  "lit": "true"
}
[2025-11-19 15:14:48Z INFO ActionManifestManager] Input 'github-server-url': default value evaluate result: ""
[2025-11-19 15:14:48Z INFO ExtensionManager] Getting extensions for interface: 'GitHub.Runner.Worker.IActionCommandExtension'
[2025-11-19 15:14:48Z INFO ExtensionManager] Creating instance: GitHub.Runner.Worker.InternalPluginSetRepoPathCommandExtension, Runner.Worker
[2025-11-19 15:14:48Z INFO ExtensionManager] Creating instance: GitHub.Runner.Worker.SetEnvCommandExtension, Runner.Worker
[2025-11-19 15:14:48Z INFO ExtensionManager] Creating instance: GitHub.Runner.Worker.SetOutputCommandExtension, Runner.Worker
[2025-11-19 15:14:48Z INFO ExtensionManager] Creating instance: GitHub.Runner.Worker.SaveStateCommandExtension, Runner.Worker
[2025-11-19 15:14:48Z INFO ExtensionManager] Creating instance: GitHub.Runner.Worker.AddPathCommandExtension, Runner.Worker
[2025-11-19 15:14:48Z INFO ExtensionManager] Creating instance: GitHub.Runner.Worker.AddMaskCommandExtension, Runner.Worker
[2025-11-19 15:14:48Z INFO ExtensionManager] Creating instance: GitHub.Runner.Worker.AddMatcherCommandExtension, Runner.Worker
[2025-11-19 15:14:48Z INFO ExtensionManager] Creating instance: GitHub.Runner.Worker.RemoveMatcherCommandExtension, Runner.Worker
[2025-11-19 15:14:48Z INFO ExtensionManager] Creating instance: GitHub.Runner.Worker.WarningCommandExtension, Runner.Worker
[2025-11-19 15:14:48Z INFO ExtensionManager] Creating instance: GitHub.Runner.Worker.ErrorCommandExtension, Runner.Worker
[2025-11-19 15:14:48Z INFO ExtensionManager] Creating instance: GitHub.Runner.Worker.NoticeCommandExtension, Runner.Worker
[2025-11-19 15:14:48Z INFO ExtensionManager] Creating instance: GitHub.Runner.Worker.DebugCommandExtension, Runner.Worker
[2025-11-19 15:14:48Z INFO ExtensionManager] Creating instance: GitHub.Runner.Worker.GroupCommandExtension, Runner.Worker
[2025-11-19 15:14:48Z INFO ExtensionManager] Creating instance: GitHub.Runner.Worker.EndGroupCommandExtension, Runner.Worker
[2025-11-19 15:14:48Z INFO ExtensionManager] Creating instance: GitHub.Runner.Worker.EchoCommandExtension, Runner.Worker
[2025-11-19 15:14:48Z INFO ActionCommandManager] Register action command extension for command internal-set-repo-path
[2025-11-19 15:14:48Z INFO ActionCommandManager] Register action command extension for command set-env
[2025-11-19 15:14:48Z INFO ActionCommandManager] Register action command extension for command set-output
[2025-11-19 15:14:48Z INFO ActionCommandManager] Register action command extension for command save-state
[2025-11-19 15:14:48Z INFO ActionCommandManager] Register action command extension for command add-path
[2025-11-19 15:14:48Z INFO ActionCommandManager] Register action command extension for command add-mask
[2025-11-19 15:14:48Z INFO ActionCommandManager] Register action command extension for command add-matcher
[2025-11-19 15:14:48Z INFO ActionCommandManager] Register action command extension for command remove-matcher
[2025-11-19 15:14:48Z INFO ActionCommandManager] Register action command extension for command warning
[2025-11-19 15:14:48Z INFO ActionCommandManager] Register action command extension for command error
[2025-11-19 15:14:48Z INFO ActionCommandManager] Register action command extension for command notice
[2025-11-19 15:14:48Z INFO ActionCommandManager] Register action command extension for command debug
[2025-11-19 15:14:48Z INFO ActionCommandManager] Register action command extension for command group
[2025-11-19 15:14:48Z INFO ActionCommandManager] Register action command extension for command endgroup
[2025-11-19 15:14:48Z INFO ActionCommandManager] Register action command extension for command echo
[2025-11-19 15:14:48Z INFO HostContext] Well known directory 'Bin': 'C:\Users\Alumno\Downloads\lab_microp\Laboratorio-Microprocesadores\actions-runner\bin'
[2025-11-19 15:14:48Z INFO HostContext] Well known directory 'Root': 'C:\Users\Alumno\Downloads\lab_microp\Laboratorio-Microprocesadores\actions-runner'
[2025-11-19 15:14:48Z INFO HostContext] Well known directory 'Externals': 'C:\Users\Alumno\Downloads\lab_microp\Laboratorio-Microprocesadores\actions-runner\externals'
[2025-11-19 15:14:48Z INFO ProcessInvokerWrapper] Starting process:
[2025-11-19 15:14:48Z INFO ProcessInvokerWrapper]   File name: 'C:\Users\Alumno\Downloads\lab_microp\Laboratorio-Microprocesadores\actions-runner\externals\node20\bin\node.exe'
[2025-11-19 15:14:48Z INFO ProcessInvokerWrapper]   Arguments: '"C:\Users\Alumno\Downloads\lab_microp\Laboratorio-Microprocesadores\actions-runner\_work\_actions\actions\checkout\v3\dist/index.js"'
[2025-11-19 15:14:48Z INFO ProcessInvokerWrapper]   Working directory: 'C:\Users\Alumno\Downloads\lab_microp\Laboratorio-Microprocesadores\actions-runner\_work\Laboratorio-Microprocesadores\Laboratorio-Microprocesadores'
[2025-11-19 15:14:48Z INFO ProcessInvokerWrapper]   Require exit code zero: 'False'
[2025-11-19 15:14:48Z INFO ProcessInvokerWrapper]   Encoding web name: utf-8 ; code page: '65001'
[2025-11-19 15:14:48Z INFO ProcessInvokerWrapper]   Force kill process on cancellation: 'False'
[2025-11-19 15:14:48Z INFO ProcessInvokerWrapper]   Redirected STDIN: 'False'
[2025-11-19 15:14:48Z INFO ProcessInvokerWrapper]   Persist current code page: 'True'
[2025-11-19 15:14:48Z INFO ProcessInvokerWrapper]   Keep redirected STDIN open: 'False'
[2025-11-19 15:14:48Z INFO ProcessInvokerWrapper]   High priority process: 'False'
[2025-11-19 15:14:48Z INFO JobServerQueue] Try to append 1 batches web console lines for record '705cce17-a454-4861-b303-114dc65aab0f', success rate: 1/1.
[2025-11-19 15:14:48Z INFO JobServerQueue] Got a step log file to send to results service.
[2025-11-19 15:14:48Z INFO JobServerQueue] Starting upload of step log file to results service ResultsLog, C:\Users\Alumno\Downloads\lab_microp\Laboratorio-Microprocesadores\actions-runner\_diag\blocks\d4d76ce4-b84d-42f7-9276-f092f59238fa_3acb8ec9-4e42-4741-baed-0be170b761f3.1
[2025-11-19 15:14:48Z INFO JobServerQueue] Try to upload 1 log files or attachments, success rate: 1/1.
[2025-11-19 15:14:50Z INFO JobServerQueue] Tried to upload 1 file(s) to results, success rate: 1/1.
[2025-11-19 15:14:50Z INFO ProcessInvokerWrapper] Process started with process id 10160, waiting for process exit.
[2025-11-19 15:14:51Z INFO AddMaskCommandExtension] Add new secret mask with length of 76
[2025-11-19 15:14:51Z INFO JobServerQueue] Try to append 1 batches web console lines for record '705cce17-a454-4861-b303-114dc65aab0f', success rate: 1/1.
[2025-11-19 15:14:51Z INFO JobServerQueue] Try to append 1 batches web console lines for record '705cce17-a454-4861-b303-114dc65aab0f', success rate: 1/1.
[2025-11-19 15:14:52Z INFO JobServerQueue] Try to append 1 batches web console lines for record '705cce17-a454-4861-b303-114dc65aab0f', success rate: 1/1.
[2025-11-19 15:14:53Z INFO JobServerQueue] Try to append 1 batches web console lines for record '705cce17-a454-4861-b303-114dc65aab0f', success rate: 1/1.
[2025-11-19 15:14:54Z INFO JobServerQueue] Try to append 3 batches web console lines for record '705cce17-a454-4861-b303-114dc65aab0f', success rate: 3/3.
[2025-11-19 15:14:55Z INFO JobServerQueue] Try to append 1 batches web console lines for record '705cce17-a454-4861-b303-114dc65aab0f', success rate: 1/1.
[2025-11-19 15:14:56Z INFO JobServerQueue] Try to append 1 batches web console lines for record '705cce17-a454-4861-b303-114dc65aab0f', success rate: 1/1.
[2025-11-19 15:14:57Z INFO JobServerQueue] Try to append 1 batches web console lines for record '705cce17-a454-4861-b303-114dc65aab0f', success rate: 1/1.
[2025-11-19 15:14:58Z INFO HostContext] Well known directory 'Bin': 'C:\Users\Alumno\Downloads\lab_microp\Laboratorio-Microprocesadores\actions-runner\bin'
[2025-11-19 15:14:58Z INFO HostContext] Well known directory 'Root': 'C:\Users\Alumno\Downloads\lab_microp\Laboratorio-Microprocesadores\actions-runner'
[2025-11-19 15:14:58Z INFO HostContext] Well known directory 'Work': 'C:\Users\Alumno\Downloads\lab_microp\Laboratorio-Microprocesadores\actions-runner\_work'
[2025-11-19 15:14:58Z INFO JobServerQueue] Try to append 1 batches web console lines for record '705cce17-a454-4861-b303-114dc65aab0f', success rate: 1/1.
[2025-11-19 15:14:59Z INFO JobServerQueue] Try to append 1 batches web console lines for record '705cce17-a454-4861-b303-114dc65aab0f', success rate: 1/1.
[2025-11-19 15:15:00Z INFO JobServerQueue] Try to append 1 batches web console lines for record '705cce17-a454-4861-b303-114dc65aab0f', success rate: 1/1.
[2025-11-19 15:15:01Z INFO JobServerQueue] Try to append 1 batches web console lines for record '705cce17-a454-4861-b303-114dc65aab0f', success rate: 1/1.
[2025-11-19 15:15:03Z INFO JobServerQueue] Try to append 1 batches web console lines for record '705cce17-a454-4861-b303-114dc65aab0f', success rate: 1/1.
[2025-11-19 15:15:04Z INFO JobServerQueue] Try to append 1 batches web console lines for record '705cce17-a454-4861-b303-114dc65aab0f', success rate: 1/1.
[2025-11-19 15:15:05Z INFO JobServerQueue] Try to append 1 batches web console lines for record '705cce17-a454-4861-b303-114dc65aab0f', success rate: 1/1.
[2025-11-19 15:15:06Z INFO JobServerQueue] Try to append 1 batches web console lines for record '705cce17-a454-4861-b303-114dc65aab0f', success rate: 1/1.
[2025-11-19 15:15:07Z INFO JobServerQueue] Try to append 1 batches web console lines for record '705cce17-a454-4861-b303-114dc65aab0f', success rate: 1/1.
[2025-11-19 15:15:08Z INFO JobServerQueue] Try to append 1 batches web console lines for record '705cce17-a454-4861-b303-114dc65aab0f', success rate: 1/1.
[2025-11-19 15:15:08Z INFO HostContext] Well known directory 'Bin': 'C:\Users\Alumno\Downloads\lab_microp\Laboratorio-Microprocesadores\actions-runner\bin'
[2025-11-19 15:15:08Z INFO HostContext] Well known directory 'Root': 'C:\Users\Alumno\Downloads\lab_microp\Laboratorio-Microprocesadores\actions-runner'
[2025-11-19 15:15:08Z INFO HostContext] Well known directory 'Work': 'C:\Users\Alumno\Downloads\lab_microp\Laboratorio-Microprocesadores\actions-runner\_work'
[2025-11-19 15:15:08Z INFO JobServerQueue] Try to append 1 batches web console lines for record '705cce17-a454-4861-b303-114dc65aab0f', success rate: 1/1.
[2025-11-19 15:15:10Z INFO JobServerQueue] Try to append 1 batches web console lines for record '705cce17-a454-4861-b303-114dc65aab0f', success rate: 1/1.
[2025-11-19 15:15:11Z INFO JobServerQueue] Try to append 1 batches web console lines for record '705cce17-a454-4861-b303-114dc65aab0f', success rate: 1/1.
[2025-11-19 15:15:12Z INFO JobServerQueue] Try to append 1 batches web console lines for record '705cce17-a454-4861-b303-114dc65aab0f', success rate: 1/1.
[2025-11-19 15:15:13Z INFO JobServerQueue] Try to append 1 batches web console lines for record '705cce17-a454-4861-b303-114dc65aab0f', success rate: 1/1.
[2025-11-19 15:15:14Z INFO JobServerQueue] Try to append 1 batches web console lines for record '705cce17-a454-4861-b303-114dc65aab0f', success rate: 1/1.
[2025-11-19 15:15:15Z INFO JobServerQueue] Try to append 1 batches web console lines for record '705cce17-a454-4861-b303-114dc65aab0f', success rate: 1/1.
[2025-11-19 15:15:16Z INFO JobServerQueue] Try to append 1 batches web console lines for record '705cce17-a454-4861-b303-114dc65aab0f', success rate: 1/1.
[2025-11-19 15:15:17Z INFO JobServerQueue] Try to append 1 batches web console lines for record '705cce17-a454-4861-b303-114dc65aab0f', success rate: 1/1.
[2025-11-19 15:15:18Z INFO JobServerQueue] Try to append 1 batches web console lines for record '705cce17-a454-4861-b303-114dc65aab0f', success rate: 1/1.
[2025-11-19 15:15:18Z INFO HostContext] Well known directory 'Bin': 'C:\Users\Alumno\Downloads\lab_microp\Laboratorio-Microprocesadores\actions-runner\bin'
[2025-11-19 15:15:18Z INFO HostContext] Well known directory 'Root': 'C:\Users\Alumno\Downloads\lab_microp\Laboratorio-Microprocesadores\actions-runner'
[2025-11-19 15:15:18Z INFO HostContext] Well known directory 'Work': 'C:\Users\Alumno\Downloads\lab_microp\Laboratorio-Microprocesadores\actions-runner\_work'
[2025-11-19 15:15:19Z INFO JobServerQueue] Try to append 1 batches web console lines for record '705cce17-a454-4861-b303-114dc65aab0f', success rate: 1/1.
[2025-11-19 15:15:20Z INFO JobServerQueue] Try to append 1 batches web console lines for record '705cce17-a454-4861-b303-114dc65aab0f', success rate: 1/1.
[2025-11-19 15:15:20Z INFO JobServerQueue] Try to append 1 batches web console lines for record '705cce17-a454-4861-b303-114dc65aab0f', success rate: 1/1.
[2025-11-19 15:15:21Z INFO JobServerQueue] Try to append 1 batches web console lines for record '705cce17-a454-4861-b303-114dc65aab0f', success rate: 1/1.
[2025-11-19 15:15:22Z INFO JobServerQueue] Try to append 1 batches web console lines for record '705cce17-a454-4861-b303-114dc65aab0f', success rate: 1/1.
[2025-11-19 15:15:23Z INFO JobServerQueue] Try to append 1 batches web console lines for record '705cce17-a454-4861-b303-114dc65aab0f', success rate: 1/1.
[2025-11-19 15:15:24Z INFO JobServerQueue] Try to append 1 batches web console lines for record '705cce17-a454-4861-b303-114dc65aab0f', success rate: 1/1.
[2025-11-19 15:15:26Z INFO JobServerQueue] Try to append 1 batches web console lines for record '705cce17-a454-4861-b303-114dc65aab0f', success rate: 1/1.
[2025-11-19 15:15:27Z INFO JobServerQueue] Try to append 1 batches web console lines for record '705cce17-a454-4861-b303-114dc65aab0f', success rate: 1/1.
[2025-11-19 15:15:28Z INFO JobServerQueue] Try to append 1 batches web console lines for record '705cce17-a454-4861-b303-114dc65aab0f', success rate: 1/1.
[2025-11-19 15:15:28Z INFO HostContext] Well known directory 'Bin': 'C:\Users\Alumno\Downloads\lab_microp\Laboratorio-Microprocesadores\actions-runner\bin'
[2025-11-19 15:15:28Z INFO HostContext] Well known directory 'Root': 'C:\Users\Alumno\Downloads\lab_microp\Laboratorio-Microprocesadores\actions-runner'
[2025-11-19 15:15:28Z INFO HostContext] Well known directory 'Work': 'C:\Users\Alumno\Downloads\lab_microp\Laboratorio-Microprocesadores\actions-runner\_work'
[2025-11-19 15:15:29Z INFO JobServerQueue] Try to append 1 batches web console lines for record '705cce17-a454-4861-b303-114dc65aab0f', success rate: 1/1.
[2025-11-19 15:15:30Z INFO JobServerQueue] Try to append 1 batches web console lines for record '705cce17-a454-4861-b303-114dc65aab0f', success rate: 1/1.
[2025-11-19 15:15:31Z INFO JobServerQueue] Try to append 1 batches web console lines for record '705cce17-a454-4861-b303-114dc65aab0f', success rate: 1/1.
[2025-11-19 15:15:32Z INFO JobServerQueue] Try to append 1 batches web console lines for record '705cce17-a454-4861-b303-114dc65aab0f', success rate: 1/1.
[2025-11-19 15:15:33Z INFO JobServerQueue] Try to append 1 batches web console lines for record '705cce17-a454-4861-b303-114dc65aab0f', success rate: 1/1.
[2025-11-19 15:15:34Z INFO JobServerQueue] Try to append 1 batches web console lines for record '705cce17-a454-4861-b303-114dc65aab0f', success rate: 1/1.
[2025-11-19 15:15:35Z INFO JobServerQueue] Try to append 1 batches web console lines for record '705cce17-a454-4861-b303-114dc65aab0f', success rate: 1/1.
[2025-11-19 15:15:36Z INFO JobServerQueue] Try to append 1 batches web console lines for record '705cce17-a454-4861-b303-114dc65aab0f', success rate: 1/1.
[2025-11-19 15:15:37Z INFO JobServerQueue] Try to append 1 batches web console lines for record '705cce17-a454-4861-b303-114dc65aab0f', success rate: 1/1.
[2025-11-19 15:15:38Z INFO JobServerQueue] Try to append 1 batches web console lines for record '705cce17-a454-4861-b303-114dc65aab0f', success rate: 1/1.
[2025-11-19 15:15:38Z INFO HostContext] Well known directory 'Bin': 'C:\Users\Alumno\Downloads\lab_microp\Laboratorio-Microprocesadores\actions-runner\bin'
[2025-11-19 15:15:38Z INFO HostContext] Well known directory 'Root': 'C:\Users\Alumno\Downloads\lab_microp\Laboratorio-Microprocesadores\actions-runner'
[2025-11-19 15:15:38Z INFO HostContext] Well known directory 'Work': 'C:\Users\Alumno\Downloads\lab_microp\Laboratorio-Microprocesadores\actions-runner\_work'
[2025-11-19 15:15:39Z INFO JobServerQueue] Try to append 1 batches web console lines for record '705cce17-a454-4861-b303-114dc65aab0f', success rate: 1/1.
[2025-11-19 15:15:40Z INFO JobServerQueue] Try to append 1 batches web console lines for record '705cce17-a454-4861-b303-114dc65aab0f', success rate: 1/1.
[2025-11-19 15:15:41Z INFO JobServerQueue] Try to append 1 batches web console lines for record '705cce17-a454-4861-b303-114dc65aab0f', success rate: 1/1.
[2025-11-19 15:15:42Z INFO JobServerQueue] Try to append 1 batches web console lines for record '705cce17-a454-4861-b303-114dc65aab0f', success rate: 1/1.
[2025-11-19 15:15:43Z INFO JobServerQueue] Try to append 1 batches web console lines for record '705cce17-a454-4861-b303-114dc65aab0f', success rate: 1/1.
[2025-11-19 15:15:43Z INFO JobServerQueue] Try to append 1 batches web console lines for record '705cce17-a454-4861-b303-114dc65aab0f', success rate: 1/1.
[2025-11-19 15:15:44Z INFO JobServerQueue] Try to append 1 batches web console lines for record '705cce17-a454-4861-b303-114dc65aab0f', success rate: 1/1.
[2025-11-19 15:15:44Z INFO JobServerQueue] Stop aggressive process web console line queue.
[2025-11-19 15:15:44Z INFO JobServerQueue] Try to append 1 batches web console lines for record '705cce17-a454-4861-b303-114dc65aab0f', success rate: 1/1.
[2025-11-19 15:15:44Z INFO JobServerQueue] Try to append 1 batches web console lines for record '705cce17-a454-4861-b303-114dc65aab0f', success rate: 1/1.
[2025-11-19 15:15:45Z INFO JobServerQueue] Try to append 1 batches web console lines for record '705cce17-a454-4861-b303-114dc65aab0f', success rate: 1/1.
[2025-11-19 15:15:45Z INFO JobServerQueue] Try to append 1 batches web console lines for record '705cce17-a454-4861-b303-114dc65aab0f', success rate: 1/1.
[2025-11-19 15:15:46Z INFO JobServerQueue] Try to append 1 batches web console lines for record '705cce17-a454-4861-b303-114dc65aab0f', success rate: 1/1.
[2025-11-19 15:15:46Z INFO JobServerQueue] Try to append 1 batches web console lines for record '705cce17-a454-4861-b303-114dc65aab0f', success rate: 1/1.
[2025-11-19 15:15:47Z INFO JobServerQueue] Try to append 1 batches web console lines for record '705cce17-a454-4861-b303-114dc65aab0f', success rate: 1/1.
[2025-11-19 15:15:47Z INFO JobServerQueue] Try to append 1 batches web console lines for record '705cce17-a454-4861-b303-114dc65aab0f', success rate: 1/1.
[2025-11-19 15:15:48Z INFO JobServerQueue] Try to append 1 batches web console lines for record '705cce17-a454-4861-b303-114dc65aab0f', success rate: 1/1.
[2025-11-19 15:15:48Z INFO HostContext] Well known directory 'Bin': 'C:\Users\Alumno\Downloads\lab_microp\Laboratorio-Microprocesadores\actions-runner\bin'
[2025-11-19 15:15:48Z INFO HostContext] Well known directory 'Root': 'C:\Users\Alumno\Downloads\lab_microp\Laboratorio-Microprocesadores\actions-runner'
[2025-11-19 15:15:48Z INFO HostContext] Well known directory 'Work': 'C:\Users\Alumno\Downloads\lab_microp\Laboratorio-Microprocesadores\actions-runner\_work'
[2025-11-19 15:15:49Z INFO JobServerQueue] Try to append 1 batches web console lines for record '705cce17-a454-4861-b303-114dc65aab0f', success rate: 1/1.
[2025-11-19 15:15:49Z INFO JobServerQueue] Try to append 1 batches web console lines for record '705cce17-a454-4861-b303-114dc65aab0f', success rate: 1/1.
[2025-11-19 15:15:50Z INFO JobServerQueue] Try to append 1 batches web console lines for record '705cce17-a454-4861-b303-114dc65aab0f', success rate: 1/1.
[2025-11-19 15:15:51Z INFO JobServerQueue] Try to append 1 batches web console lines for record '705cce17-a454-4861-b303-114dc65aab0f', success rate: 1/1.
[2025-11-19 15:15:51Z INFO JobServerQueue] Try to append 1 batches web console lines for record '705cce17-a454-4861-b303-114dc65aab0f', success rate: 1/1.
[2025-11-19 15:15:52Z INFO JobServerQueue] Try to append 1 batches web console lines for record '705cce17-a454-4861-b303-114dc65aab0f', success rate: 1/1.
[2025-11-19 15:15:52Z INFO JobServerQueue] Try to append 1 batches web console lines for record '705cce17-a454-4861-b303-114dc65aab0f', success rate: 1/1.
[2025-11-19 15:15:53Z INFO JobServerQueue] Try to append 1 batches web console lines for record '705cce17-a454-4861-b303-114dc65aab0f', success rate: 1/1.
[2025-11-19 15:15:53Z INFO JobServerQueue] Try to append 1 batches web console lines for record '705cce17-a454-4861-b303-114dc65aab0f', success rate: 1/1.
[2025-11-19 15:15:54Z INFO JobServerQueue] Try to append 1 batches web console lines for record '705cce17-a454-4861-b303-114dc65aab0f', success rate: 1/1.
[2025-11-19 15:15:54Z INFO JobServerQueue] Try to append 1 batches web console lines for record '705cce17-a454-4861-b303-114dc65aab0f', success rate: 1/1.
[2025-11-19 15:15:55Z INFO ResultServer] Websocket is not open, let's attempt to connect back again with random backoff 00:00:00.1260000 ms.
[2025-11-19 15:15:55Z INFO ResultServer] Creating websocket client ...wss://results-receiver.actions.githubusercontent.com/_ws/ingest.sock
[2025-11-19 15:15:55Z INFO ResultServer] Attempting to start websocket client with delay 00:00:00.1260000.
[2025-11-19 15:15:55Z INFO ResultServer] Websocket is not open, let's attempt to connect back again with random backoff 00:00:00.3860000 ms.
[2025-11-19 15:15:55Z INFO ResultServer] Creating websocket client ...wss://results-receiver.actions.githubusercontent.com/_ws/ingest.sock
[2025-11-19 15:15:55Z INFO ResultServer] Attempting to start websocket client with delay 00:00:00.3860000.
[2025-11-19 15:15:55Z INFO ResultServer] Websocket is not open, let's attempt to connect back again with random backoff 00:00:00.2540000 ms.
[2025-11-19 15:15:55Z INFO ResultServer] Creating websocket client ...wss://results-receiver.actions.githubusercontent.com/_ws/ingest.sock
[2025-11-19 15:15:55Z INFO ResultServer] Attempting to start websocket client with delay 00:00:00.2540000.
[2025-11-19 15:15:55Z INFO JobServerQueue] Try to append 1 batches web console lines for record '705cce17-a454-4861-b303-114dc65aab0f', success rate: 1/1.
[2025-11-19 15:15:55Z INFO ResultServer] Exception caught during websocket client connect, retry connection.
[2025-11-19 15:15:55Z ERR  ResultServer] System.NullReferenceException: Object reference not set to an instance of an object.
   at GitHub.Runner.Common.ResultServer.ConnectWebSocketClient(String feedStreamUrl, TimeSpan delay, Boolean retryConnection)
[2025-11-19 15:15:55Z INFO ResultServer] Exception caught during websocket client connect, retry connection.
[2025-11-19 15:15:55Z ERR  ResultServer] System.NullReferenceException: Object reference not set to an instance of an object.
   at GitHub.Runner.Common.ResultServer.ConnectWebSocketClient(String feedStreamUrl, TimeSpan delay, Boolean retryConnection)
[2025-11-19 15:15:56Z INFO ResultServer] Exception caught during websocket client connect, retry connection.
[2025-11-19 15:15:56Z ERR  ResultServer] System.NullReferenceException: Object reference not set to an instance of an object.
   at GitHub.Runner.Common.ResultServer.ConnectWebSocketClient(String feedStreamUrl, TimeSpan delay, Boolean retryConnection)
[2025-11-19 15:15:56Z INFO JobServerQueue] Try to append 1 batches web console lines for record '705cce17-a454-4861-b303-114dc65aab0f', success rate: 1/1.
[2025-11-19 15:15:56Z INFO JobServerQueue] Try to append 1 batches web console lines for record '705cce17-a454-4861-b303-114dc65aab0f', success rate: 1/1.
[2025-11-19 15:15:57Z INFO JobServerQueue] Try to append 1 batches web console lines for record '705cce17-a454-4861-b303-114dc65aab0f', success rate: 1/1.
[2025-11-19 15:15:58Z INFO HostContext] Well known directory 'Bin': 'C:\Users\Alumno\Downloads\lab_microp\Laboratorio-Microprocesadores\actions-runner\bin'
[2025-11-19 15:15:58Z INFO HostContext] Well known directory 'Root': 'C:\Users\Alumno\Downloads\lab_microp\Laboratorio-Microprocesadores\actions-runner'
[2025-11-19 15:15:58Z INFO HostContext] Well known directory 'Work': 'C:\Users\Alumno\Downloads\lab_microp\Laboratorio-Microprocesadores\actions-runner\_work'
[2025-11-19 15:15:58Z INFO JobServerQueue] Try to append 1 batches web console lines for record '705cce17-a454-4861-b303-114dc65aab0f', success rate: 1/1.
[2025-11-19 15:15:59Z INFO JobServerQueue] Try to append 1 batches web console lines for record '705cce17-a454-4861-b303-114dc65aab0f', success rate: 1/1.
[2025-11-19 15:16:00Z INFO JobServerQueue] Try to append 1 batches web console lines for record '705cce17-a454-4861-b303-114dc65aab0f', success rate: 1/1.
[2025-11-19 15:16:01Z INFO JobServerQueue] Try to append 1 batches web console lines for record '705cce17-a454-4861-b303-114dc65aab0f', success rate: 1/1.
[2025-11-19 15:16:02Z INFO JobServerQueue] Try to append 1 batches web console lines for record '705cce17-a454-4861-b303-114dc65aab0f', success rate: 1/1.
[2025-11-19 15:16:03Z INFO JobServerQueue] Try to append 1 batches web console lines for record '705cce17-a454-4861-b303-114dc65aab0f', success rate: 1/1.
[2025-11-19 15:16:04Z INFO JobServerQueue] Try to append 1 batches web console lines for record '705cce17-a454-4861-b303-114dc65aab0f', success rate: 1/1.
[2025-11-19 15:16:05Z INFO JobServerQueue] Try to append 1 batches web console lines for record '705cce17-a454-4861-b303-114dc65aab0f', success rate: 1/1.
[2025-11-19 15:16:06Z INFO JobServerQueue] Try to append 1 batches web console lines for record '705cce17-a454-4861-b303-114dc65aab0f', success rate: 1/1.
[2025-11-19 15:16:07Z INFO JobServerQueue] Try to append 1 batches web console lines for record '705cce17-a454-4861-b303-114dc65aab0f', success rate: 1/1.
[2025-11-19 15:16:08Z INFO JobServerQueue] Try to append 1 batches web console lines for record '705cce17-a454-4861-b303-114dc65aab0f', success rate: 1/1.
[2025-11-19 15:16:08Z INFO HostContext] Well known directory 'Bin': 'C:\Users\Alumno\Downloads\lab_microp\Laboratorio-Microprocesadores\actions-runner\bin'
[2025-11-19 15:16:08Z INFO HostContext] Well known directory 'Root': 'C:\Users\Alumno\Downloads\lab_microp\Laboratorio-Microprocesadores\actions-runner'
[2025-11-19 15:16:08Z INFO HostContext] Well known directory 'Work': 'C:\Users\Alumno\Downloads\lab_microp\Laboratorio-Microprocesadores\actions-runner\_work'
[2025-11-19 15:16:10Z INFO JobServerQueue] Try to append 1 batches web console lines for record '705cce17-a454-4861-b303-114dc65aab0f', success rate: 1/1.
[2025-11-19 15:16:11Z INFO JobServerQueue] Try to append 1 batches web console lines for record '705cce17-a454-4861-b303-114dc65aab0f', success rate: 1/1.
[2025-11-19 15:16:12Z INFO JobServerQueue] Try to append 1 batches web console lines for record '705cce17-a454-4861-b303-114dc65aab0f', success rate: 1/1.
[2025-11-19 15:16:13Z INFO JobServerQueue] Try to append 1 batches web console lines for record '705cce17-a454-4861-b303-114dc65aab0f', success rate: 1/1.
[2025-11-19 15:16:14Z INFO JobServerQueue] Try to append 1 batches web console lines for record '705cce17-a454-4861-b303-114dc65aab0f', success rate: 1/1.
[2025-11-19 15:16:14Z INFO JobServerQueue] Try to append 1 batches web console lines for record '705cce17-a454-4861-b303-114dc65aab0f', success rate: 1/1.
[2025-11-19 15:16:15Z INFO JobServerQueue] Try to append 1 batches web console lines for record '705cce17-a454-4861-b303-114dc65aab0f', success rate: 1/1.
[2025-11-19 15:16:16Z INFO JobServerQueue] Try to append 1 batches web console lines for record '705cce17-a454-4861-b303-114dc65aab0f', success rate: 1/1.
[2025-11-19 15:16:17Z INFO JobServerQueue] Try to append 1 batches web console lines for record '705cce17-a454-4861-b303-114dc65aab0f', success rate: 1/1.
[2025-11-19 15:16:18Z INFO HostContext] Well known directory 'Bin': 'C:\Users\Alumno\Downloads\lab_microp\Laboratorio-Microprocesadores\actions-runner\bin'
[2025-11-19 15:16:18Z INFO HostContext] Well known directory 'Root': 'C:\Users\Alumno\Downloads\lab_microp\Laboratorio-Microprocesadores\actions-runner'
[2025-11-19 15:16:18Z INFO HostContext] Well known directory 'Work': 'C:\Users\Alumno\Downloads\lab_microp\Laboratorio-Microprocesadores\actions-runner\_work'
[2025-11-19 15:16:18Z INFO JobServerQueue] Try to append 1 batches web console lines for record '705cce17-a454-4861-b303-114dc65aab0f', success rate: 1/1.
[2025-11-19 15:16:19Z INFO JobServerQueue] Try to append 1 batches web console lines for record '705cce17-a454-4861-b303-114dc65aab0f', success rate: 1/1.
[2025-11-19 15:16:20Z INFO JobServerQueue] Try to append 1 batches web console lines for record '705cce17-a454-4861-b303-114dc65aab0f', success rate: 1/1.
[2025-11-19 15:16:21Z INFO JobServerQueue] Try to append 1 batches web console lines for record '705cce17-a454-4861-b303-114dc65aab0f', success rate: 1/1.
[2025-11-19 15:16:22Z INFO JobServerQueue] Try to append 1 batches web console lines for record '705cce17-a454-4861-b303-114dc65aab0f', success rate: 1/1.
[2025-11-19 15:16:23Z INFO JobServerQueue] Try to append 1 batches web console lines for record '705cce17-a454-4861-b303-114dc65aab0f', success rate: 1/1.
[2025-11-19 15:16:24Z INFO JobServerQueue] Try to append 1 batches web console lines for record '705cce17-a454-4861-b303-114dc65aab0f', success rate: 1/1.
[2025-11-19 15:16:25Z INFO JobServerQueue] Try to append 1 batches web console lines for record '705cce17-a454-4861-b303-114dc65aab0f', success rate: 1/1.
[2025-11-19 15:16:26Z INFO JobServerQueue] Try to append 1 batches web console lines for record '705cce17-a454-4861-b303-114dc65aab0f', success rate: 1/1.
[2025-11-19 15:16:27Z INFO JobServerQueue] Try to append 1 batches web console lines for record '705cce17-a454-4861-b303-114dc65aab0f', success rate: 1/1.
[2025-11-19 15:16:28Z INFO HostContext] Well known directory 'Bin': 'C:\Users\Alumno\Downloads\lab_microp\Laboratorio-Microprocesadores\actions-runner\bin'
[2025-11-19 15:16:28Z INFO HostContext] Well known directory 'Root': 'C:\Users\Alumno\Downloads\lab_microp\Laboratorio-Microprocesadores\actions-runner'
[2025-11-19 15:16:28Z INFO HostContext] Well known directory 'Work': 'C:\Users\Alumno\Downloads\lab_microp\Laboratorio-Microprocesadores\actions-runner\_work'
[2025-11-19 15:16:28Z INFO JobServerQueue] Try to append 1 batches web console lines for record '705cce17-a454-4861-b303-114dc65aab0f', success rate: 1/1.
[2025-11-19 15:16:29Z INFO JobServerQueue] Try to append 1 batches web console lines for record '705cce17-a454-4861-b303-114dc65aab0f', success rate: 1/1.
[2025-11-19 15:16:30Z INFO JobServerQueue] Try to append 1 batches web console lines for record '705cce17-a454-4861-b303-114dc65aab0f', success rate: 1/1.
[2025-11-19 15:16:31Z INFO JobServerQueue] Try to append 1 batches web console lines for record '705cce17-a454-4861-b303-114dc65aab0f', success rate: 1/1.
[2025-11-19 15:16:33Z INFO JobServerQueue] Try to append 1 batches web console lines for record '705cce17-a454-4861-b303-114dc65aab0f', success rate: 1/1.
[2025-11-19 15:16:33Z INFO JobServerQueue] Try to append 1 batches web console lines for record '705cce17-a454-4861-b303-114dc65aab0f', success rate: 1/1.
[2025-11-19 15:16:35Z INFO JobServerQueue] Try to append 1 batches web console lines for record '705cce17-a454-4861-b303-114dc65aab0f', success rate: 1/1.
[2025-11-19 15:16:35Z INFO JobServerQueue] Try to append 1 batches web console lines for record '705cce17-a454-4861-b303-114dc65aab0f', success rate: 1/1.
[2025-11-19 15:16:36Z INFO JobServerQueue] Try to append 1 batches web console lines for record '705cce17-a454-4861-b303-114dc65aab0f', success rate: 1/1.
[2025-11-19 15:16:36Z INFO JobServerQueue] Try to append 1 batches web console lines for record '705cce17-a454-4861-b303-114dc65aab0f', success rate: 1/1.
[2025-11-19 15:16:37Z INFO JobServerQueue] Try to append 1 batches web console lines for record '705cce17-a454-4861-b303-114dc65aab0f', success rate: 1/1.
[2025-11-19 15:16:38Z INFO JobServerQueue] Try to append 1 batches web console lines for record '705cce17-a454-4861-b303-114dc65aab0f', success rate: 1/1.
[2025-11-19 15:16:38Z INFO HostContext] Well known directory 'Bin': 'C:\Users\Alumno\Downloads\lab_microp\Laboratorio-Microprocesadores\actions-runner\bin'
[2025-11-19 15:16:38Z INFO HostContext] Well known directory 'Root': 'C:\Users\Alumno\Downloads\lab_microp\Laboratorio-Microprocesadores\actions-runner'
[2025-11-19 15:16:38Z INFO HostContext] Well known directory 'Work': 'C:\Users\Alumno\Downloads\lab_microp\Laboratorio-Microprocesadores\actions-runner\_work'
[2025-11-19 15:16:39Z INFO JobServerQueue] Try to append 1 batches web console lines for record '705cce17-a454-4861-b303-114dc65aab0f', success rate: 1/1.
[2025-11-19 15:16:39Z INFO ProcessInvokerWrapper] STDOUT/STDERR stream read finished.
[2025-11-19 15:16:39Z INFO ProcessInvokerWrapper] STDOUT/STDERR stream read finished.
[2025-11-19 15:16:39Z INFO ProcessInvokerWrapper] Finished process 10160 with exit code 0, and elapsed time 00:01:50.6096372.
[2025-11-19 15:16:39Z INFO CreateStepSummaryCommand] Step Summary file (C:\Users\Alumno\Downloads\lab_microp\Laboratorio-Microprocesadores\actions-runner\_work\_temp\_runner_file_commands\step_summary_ad0e8dd5-f424-45bb-845b-77df06761a0c) is empty; skipping attachment upload
[2025-11-19 15:16:39Z INFO StepsRunner] Step result: 
[2025-11-19 15:16:39Z INFO ExecutionContext] Publish step telemetry for current step {
  "action": "actions/checkout",
  "ref": "v3",
  "type": "node20",
  "stage": "Main",
  "stepId": "705cce17-a454-4861-b303-114dc65aab0f",
  "stepContextName": "__actions_checkout",
  "hasPreStep": false,
  "hasPostStep": true,
  "result": "succeeded",
  "errorMessages": [],
  "executionTimeInSeconds": 111,
  "startTime": "2025-11-19T15:14:48.5052527Z",
  "finishTime": "2025-11-19T15:16:39.2346858Z"
}.
[2025-11-19 15:16:39Z INFO StepsRunner] No need for updating job result with current step result 'Succeeded'.
[2025-11-19 15:16:39Z INFO StepsRunner] Current state: job state = ''
[2025-11-19 15:16:39Z INFO StepsRunner] Processing step: DisplayName='Set up Python'
[2025-11-19 15:16:39Z INFO StepsRunner] Evaluating: success()
[2025-11-19 15:16:39Z INFO StepsRunner] Result: true
[2025-11-19 15:16:39Z INFO StepsRunner] Starting the step.
[2025-11-19 15:16:39Z INFO HostContext] Well known directory 'Bin': 'C:\Users\Alumno\Downloads\lab_microp\Laboratorio-Microprocesadores\actions-runner\bin'
[2025-11-19 15:16:39Z INFO HostContext] Well known directory 'Root': 'C:\Users\Alumno\Downloads\lab_microp\Laboratorio-Microprocesadores\actions-runner'
[2025-11-19 15:16:39Z INFO HostContext] Well known directory 'Work': 'C:\Users\Alumno\Downloads\lab_microp\Laboratorio-Microprocesadores\actions-runner\_work'
[2025-11-19 15:16:39Z INFO StepsRunner] Which2: 'chcp'
[2025-11-19 15:16:39Z INFO StepsRunner] Location: 'C:\WINDOWS\system32\chcp.COM'
[2025-11-19 15:16:39Z INFO ProcessInvokerWrapper] Starting process:
[2025-11-19 15:16:39Z INFO ProcessInvokerWrapper]   File name: 'C:\WINDOWS\system32\chcp.COM'
[2025-11-19 15:16:39Z INFO ProcessInvokerWrapper]   Arguments: '65001'
[2025-11-19 15:16:39Z INFO ProcessInvokerWrapper]   Working directory: 'C:\Users\Alumno\Downloads\lab_microp\Laboratorio-Microprocesadores\actions-runner\_work'
[2025-11-19 15:16:39Z INFO ProcessInvokerWrapper]   Require exit code zero: 'False'
[2025-11-19 15:16:39Z INFO ProcessInvokerWrapper]   Encoding web name:  ; code page: ''
[2025-11-19 15:16:39Z INFO ProcessInvokerWrapper]   Force kill process on cancellation: 'False'
[2025-11-19 15:16:39Z INFO ProcessInvokerWrapper]   Redirected STDIN: 'False'
[2025-11-19 15:16:39Z INFO ProcessInvokerWrapper]   Persist current code page: 'True'
[2025-11-19 15:16:39Z INFO ProcessInvokerWrapper]   Keep redirected STDIN open: 'False'
[2025-11-19 15:16:39Z INFO ProcessInvokerWrapper]   High priority process: 'False'
[2025-11-19 15:16:39Z INFO ProcessInvokerWrapper] Process started with process id 1084, waiting for process exit.
[2025-11-19 15:16:39Z INFO ProcessInvokerWrapper] STDOUT/STDERR stream read finished.
[2025-11-19 15:16:39Z INFO ProcessInvokerWrapper] STDOUT/STDERR stream read finished.
[2025-11-19 15:16:39Z INFO ProcessInvokerWrapper] Finished process 1084 with exit code 0, and elapsed time 00:00:00.0138147.
[2025-11-19 15:16:39Z INFO StepsRunner] Successfully returned to code page 65001 (UTF8)
[2025-11-19 15:16:39Z INFO HostContext] Well known directory 'Bin': 'C:\Users\Alumno\Downloads\lab_microp\Laboratorio-Microprocesadores\actions-runner\bin'
[2025-11-19 15:16:39Z INFO HostContext] Well known directory 'Root': 'C:\Users\Alumno\Downloads\lab_microp\Laboratorio-Microprocesadores\actions-runner'
[2025-11-19 15:16:39Z INFO HostContext] Well known directory 'Work': 'C:\Users\Alumno\Downloads\lab_microp\Laboratorio-Microprocesadores\actions-runner\_work'
[2025-11-19 15:16:39Z INFO HostContext] Well known directory 'Actions': 'C:\Users\Alumno\Downloads\lab_microp\Laboratorio-Microprocesadores\actions-runner\_work\_actions'
[2025-11-19 15:16:39Z INFO ActionManager] Load action that reference repository from 'C:\Users\Alumno\Downloads\lab_microp\Laboratorio-Microprocesadores\actions-runner\_work\_actions\actions\setup-python\v3'
[2025-11-19 15:16:39Z INFO HostContext] Well known directory 'Bin': 'C:\Users\Alumno\Downloads\lab_microp\Laboratorio-Microprocesadores\actions-runner\bin'
[2025-11-19 15:16:39Z INFO HostContext] Well known directory 'Root': 'C:\Users\Alumno\Downloads\lab_microp\Laboratorio-Microprocesadores\actions-runner'
[2025-11-19 15:16:39Z INFO HostContext] Well known directory 'Work': 'C:\Users\Alumno\Downloads\lab_microp\Laboratorio-Microprocesadores\actions-runner\_work'
[2025-11-19 15:16:39Z INFO HostContext] Well known directory 'Actions': 'C:\Users\Alumno\Downloads\lab_microp\Laboratorio-Microprocesadores\actions-runner\_work\_actions'
[2025-11-19 15:16:39Z INFO ActionManifestManager] Ignore action property author.
[2025-11-19 15:16:39Z INFO ActionManifestManager] Ignore action property branding.
[2025-11-19 15:16:39Z INFO ActionManifestManager] Loaded action.yml file: {
  "name": "Setup Python",
  "description": "Set up a specific version of Python and add the command-line tools to the PATH.",
  "inputs": {
    "type": 2,
    "map": [
      {
        "key": {
          "type": 0,
          "file": 3,
          "line": 6,
          "col": 3,
          "lit": "python-version"
        },
        "value": {
          "type": 0,
          "file": 3,
          "line": 8,
          "col": 14,
          "lit": "3.x"
        }
      },
      {
        "key": {
          "type": 0,
          "file": 3,
          "line": 9,
          "col": 3,
          "lit": "cache"
        },
        "value": ""
      },
      {
        "key": {
          "type": 0,
          "file": 3,
          "line": 12,
          "col": 3,
          "lit": "architecture"
        },
        "value": ""
      },
      {
        "key": {
          "type": 0,
          "file": 3,
          "line": 14,
          "col": 3,
          "lit": "token"
        },
        "value": {
          "type": 3,
          "file": 3,
          "line": 16,
          "col": 14,
          "expr": "github.token"
        }
      },
      {
        "key": {
          "type": 0,
          "file": 3,
          "line": 17,
          "col": 3,
          "lit": "cache-dependency-path"
        },
        "value": ""
      }
    ]
  },
  "execution": {
    "executionType": "nodeJS",
    "hasPre": false,
    "hasPost": true,
    "script": "dist/setup/index.js",
    "pre": null,
    "post": "dist/cache-save/index.js",
    "nodeVersion": "node16",
    "cleanupCondition": "success()",
    "initCondition": "always()"
  },
  "deprecated": null
}
[2025-11-19 15:16:39Z INFO ActionManager] Action pre node.js file: N/A.
[2025-11-19 15:16:39Z INFO ActionManager] Action node.js file: dist/setup/index.js.
[2025-11-19 15:16:39Z INFO ActionManager] Action post node.js file: dist/cache-save/index.js.
[2025-11-19 15:16:39Z INFO HostContext] Well known directory 'Bin': 'C:\Users\Alumno\Downloads\lab_microp\Laboratorio-Microprocesadores\actions-runner\bin'
[2025-11-19 15:16:39Z INFO HostContext] Well known directory 'Root': 'C:\Users\Alumno\Downloads\lab_microp\Laboratorio-Microprocesadores\actions-runner'
[2025-11-19 15:16:39Z INFO HostContext] Well known directory 'Diag': 'C:\Users\Alumno\Downloads\lab_microp\Laboratorio-Microprocesadores\actions-runner\_diag'
[2025-11-19 15:16:39Z INFO HostContext] Well known directory 'Bin': 'C:\Users\Alumno\Downloads\lab_microp\Laboratorio-Microprocesadores\actions-runner\bin'
[2025-11-19 15:16:39Z INFO HostContext] Well known directory 'Root': 'C:\Users\Alumno\Downloads\lab_microp\Laboratorio-Microprocesadores\actions-runner'
[2025-11-19 15:16:39Z INFO HostContext] Well known directory 'Diag': 'C:\Users\Alumno\Downloads\lab_microp\Laboratorio-Microprocesadores\actions-runner\_diag'
[2025-11-19 15:16:39Z INFO HostContext] Well known directory 'Bin': 'C:\Users\Alumno\Downloads\lab_microp\Laboratorio-Microprocesadores\actions-runner\bin'
[2025-11-19 15:16:39Z INFO HostContext] Well known directory 'Root': 'C:\Users\Alumno\Downloads\lab_microp\Laboratorio-Microprocesadores\actions-runner'
[2025-11-19 15:16:39Z INFO HostContext] Well known directory 'Work': 'C:\Users\Alumno\Downloads\lab_microp\Laboratorio-Microprocesadores\actions-runner\_work'
[2025-11-19 15:16:39Z INFO HostContext] Well known directory 'Temp': 'C:\Users\Alumno\Downloads\lab_microp\Laboratorio-Microprocesadores\actions-runner\_work\_temp'
[2025-11-19 15:16:39Z INFO ExecutionContext] Write event payload to C:\Users\Alumno\Downloads\lab_microp\Laboratorio-Microprocesadores\actions-runner\_work\_temp\_github_workflow\event.json
[2025-11-19 15:16:39Z INFO HostContext] Well known directory 'Bin': 'C:\Users\Alumno\Downloads\lab_microp\Laboratorio-Microprocesadores\actions-runner\bin'
[2025-11-19 15:16:39Z INFO HostContext] Well known directory 'Root': 'C:\Users\Alumno\Downloads\lab_microp\Laboratorio-Microprocesadores\actions-runner'
[2025-11-19 15:16:39Z INFO HostContext] Well known directory 'Work': 'C:\Users\Alumno\Downloads\lab_microp\Laboratorio-Microprocesadores\actions-runner\_work'
[2025-11-19 15:16:39Z INFO HostContext] Well known directory 'Temp': 'C:\Users\Alumno\Downloads\lab_microp\Laboratorio-Microprocesadores\actions-runner\_work\_temp'
[2025-11-19 15:16:39Z INFO ExtensionManager] Getting extensions for interface: 'GitHub.Runner.Worker.IFileCommandExtension'
[2025-11-19 15:16:39Z INFO ActionManifestManager] Input 'cache': default value evaluate result: ""
[2025-11-19 15:16:39Z INFO ActionManifestManager] Input 'architecture': default value evaluate result: ""
[2025-11-19 15:16:39Z INFO ActionManifestManager] Input 'token': default value evaluate result: {
  "type": 0,
  "file": 3,
  "line": 16,
  "col": 14,
  "lit": "***"
}
[2025-11-19 15:16:39Z INFO ActionManifestManager] Input 'cache-dependency-path': default value evaluate result: ""
[2025-11-19 15:16:39Z INFO ExtensionManager] Getting extensions for interface: 'GitHub.Runner.Worker.IActionCommandExtension'
[2025-11-19 15:16:39Z INFO ActionCommandManager] Register action command extension for command internal-set-repo-path
[2025-11-19 15:16:39Z INFO ActionCommandManager] Register action command extension for command set-env
[2025-11-19 15:16:39Z INFO ActionCommandManager] Register action command extension for command set-output
[2025-11-19 15:16:39Z INFO ActionCommandManager] Register action command extension for command save-state
[2025-11-19 15:16:39Z INFO ActionCommandManager] Register action command extension for command add-path
[2025-11-19 15:16:39Z INFO ActionCommandManager] Register action command extension for command add-mask
[2025-11-19 15:16:39Z INFO ActionCommandManager] Register action command extension for command add-matcher
[2025-11-19 15:16:39Z INFO ActionCommandManager] Register action command extension for command remove-matcher
[2025-11-19 15:16:39Z INFO ActionCommandManager] Register action command extension for command warning
[2025-11-19 15:16:39Z INFO ActionCommandManager] Register action command extension for command error
[2025-11-19 15:16:39Z INFO ActionCommandManager] Register action command extension for command notice
[2025-11-19 15:16:39Z INFO ActionCommandManager] Register action command extension for command debug
[2025-11-19 15:16:39Z INFO ActionCommandManager] Register action command extension for command group
[2025-11-19 15:16:39Z INFO ActionCommandManager] Register action command extension for command endgroup
[2025-11-19 15:16:39Z INFO ActionCommandManager] Register action command extension for command echo
[2025-11-19 15:16:39Z INFO HostContext] Well known directory 'Bin': 'C:\Users\Alumno\Downloads\lab_microp\Laboratorio-Microprocesadores\actions-runner\bin'
[2025-11-19 15:16:39Z INFO HostContext] Well known directory 'Root': 'C:\Users\Alumno\Downloads\lab_microp\Laboratorio-Microprocesadores\actions-runner'
[2025-11-19 15:16:39Z INFO HostContext] Well known directory 'Externals': 'C:\Users\Alumno\Downloads\lab_microp\Laboratorio-Microprocesadores\actions-runner\externals'
[2025-11-19 15:16:39Z INFO ProcessInvokerWrapper] Starting process:
[2025-11-19 15:16:39Z INFO ProcessInvokerWrapper]   File name: 'C:\Users\Alumno\Downloads\lab_microp\Laboratorio-Microprocesadores\actions-runner\externals\node20\bin\node.exe'
[2025-11-19 15:16:39Z INFO ProcessInvokerWrapper]   Arguments: '"C:\Users\Alumno\Downloads\lab_microp\Laboratorio-Microprocesadores\actions-runner\_work\_actions\actions\setup-python\v3\dist/setup/index.js"'
[2025-11-19 15:16:39Z INFO ProcessInvokerWrapper]   Working directory: 'C:\Users\Alumno\Downloads\lab_microp\Laboratorio-Microprocesadores\actions-runner\_work\Laboratorio-Microprocesadores\Laboratorio-Microprocesadores'
[2025-11-19 15:16:39Z INFO ProcessInvokerWrapper]   Require exit code zero: 'False'
[2025-11-19 15:16:39Z INFO ProcessInvokerWrapper]   Encoding web name: utf-8 ; code page: '65001'
[2025-11-19 15:16:39Z INFO ProcessInvokerWrapper]   Force kill process on cancellation: 'False'
[2025-11-19 15:16:39Z INFO ProcessInvokerWrapper]   Redirected STDIN: 'False'
[2025-11-19 15:16:39Z INFO ProcessInvokerWrapper]   Persist current code page: 'True'
[2025-11-19 15:16:39Z INFO ProcessInvokerWrapper]   Keep redirected STDIN open: 'False'
[2025-11-19 15:16:39Z INFO ProcessInvokerWrapper]   High priority process: 'False'
[2025-11-19 15:16:39Z INFO ProcessInvokerWrapper] Process started with process id 15324, waiting for process exit.
[2025-11-19 15:16:39Z INFO JobServerQueue] Try to append 1 batches web console lines for record '705cce17-a454-4861-b303-114dc65aab0f', success rate: 1/1.
[2025-11-19 15:16:39Z INFO JobServerQueue] Try to append 1 batches web console lines for record '7028c0fa-da7c-42c6-9b16-73dded7786ab', success rate: 1/1.
[2025-11-19 15:16:39Z INFO JobServerQueue] Try to upload 1 log files or attachments, success rate: 1/1.
[2025-11-19 15:16:40Z INFO JobServerQueue] Got a step log file to send to results service.
[2025-11-19 15:16:40Z INFO JobServerQueue] Starting upload of step log file to results service ResultsLog, C:\Users\Alumno\Downloads\lab_microp\Laboratorio-Microprocesadores\actions-runner\_diag\blocks\d4d76ce4-b84d-42f7-9276-f092f59238fa_705cce17-a454-4861-b303-114dc65aab0f.1
[2025-11-19 15:16:40Z INFO JobServerQueue] Try to append 1 batches web console lines for record '7028c0fa-da7c-42c6-9b16-73dded7786ab', success rate: 1/1.
[2025-11-19 15:16:41Z INFO JobServerQueue] Tried to upload 1 file(s) to results, success rate: 1/1.
[2025-11-19 15:16:42Z INFO JobServerQueue] Try to append 1 batches web console lines for record '7028c0fa-da7c-42c6-9b16-73dded7786ab', success rate: 1/1.
[2025-11-19 15:16:44Z INFO JobServerQueue] Try to append 1 batches web console lines for record '7028c0fa-da7c-42c6-9b16-73dded7786ab', success rate: 1/1.
[2025-11-19 15:16:46Z INFO JobServerQueue] Try to append 1 batches web console lines for record '7028c0fa-da7c-42c6-9b16-73dded7786ab', success rate: 1/1.
[2025-11-19 15:16:46Z INFO ProcessInvokerWrapper] STDOUT/STDERR stream read finished.
[2025-11-19 15:16:46Z INFO ProcessInvokerWrapper] STDOUT/STDERR stream read finished.
[2025-11-19 15:16:46Z INFO ProcessInvokerWrapper] Finished process 15324 with exit code 1, and elapsed time 00:00:07.5191191.
[2025-11-19 15:16:46Z INFO CreateStepSummaryCommand] Step Summary file (C:\Users\Alumno\Downloads\lab_microp\Laboratorio-Microprocesadores\actions-runner\_work\_temp\_runner_file_commands\step_summary_832f7b02-2781-438f-9236-c4ab1fa1a453) is empty; skipping attachment upload
[2025-11-19 15:16:46Z INFO StepsRunner] Step result: Failed
[2025-11-19 15:16:46Z INFO ExecutionContext] Publish step telemetry for current step {
  "action": "actions/setup-python",
  "ref": "v3",
  "type": "node20",
  "stage": "Main",
  "stepId": "7028c0fa-da7c-42c6-9b16-73dded7786ab",
  "stepContextName": "__actions_setup-python",
  "hasPreStep": false,
  "hasPostStep": true,
  "result": "failed",
  "errorMessages": [
    "./setup.ps1 : No se puede cargar el archivo C:\\Users\\Alumno\\Downloads\\lab_microp\\Laboratorio-Microprocesadores\\actions-",
    "runner\\_work\\_temp\\caab1a30-7308-4177-aa70-25d5588041d6\\setup.ps1. El archivo C:\\Users\\Alumno\\Downloads\\lab_microp\\Labo\r\nratorio-Microprocesadores\\actions-runner\\_work\\_temp\\caab1a30-7308-4177-aa70-25d5588041d6\\setup.ps1 no está firmado \r\ndigitalmente. No ",
    "The process 'C:\\WINDOWS\\System32\\WindowsPowerShell\\v1.0\\powershell.exe' failed with exit code 1"
  ],
  "executionTimeInSeconds": 8,
  "startTime": "2025-11-19T15:16:39.2357799Z",
  "finishTime": "2025-11-19T15:16:46.7867307Z"
}.
[2025-11-19 15:16:46Z INFO StepsRunner] Update job result with current step result 'Failed'.
[2025-11-19 15:16:46Z INFO StepsRunner] Current state: job state = 'Failed'
[2025-11-19 15:16:46Z INFO StepsRunner] Processing step: DisplayName='Install dependencies'
[2025-11-19 15:16:46Z INFO StepsRunner] Evaluating: success()
[2025-11-19 15:16:46Z INFO StepsRunner] Result: false
[2025-11-19 15:16:46Z INFO StepsRunner] Skipping step due to condition evaluation.
[2025-11-19 15:16:46Z INFO StepsRunner] No need for updating job result with current step result 'Skipped'.
[2025-11-19 15:16:46Z INFO StepsRunner] Current state: job state = 'Failed'
[2025-11-19 15:16:46Z INFO StepsRunner] Processing step: DisplayName='Run training'
[2025-11-19 15:16:46Z INFO StepsRunner] Evaluating: success()
[2025-11-19 15:16:46Z INFO StepsRunner] Result: false
[2025-11-19 15:16:46Z INFO StepsRunner] Skipping step due to condition evaluation.
[2025-11-19 15:16:46Z INFO StepsRunner] No need for updating job result with current step result 'Skipped'.
[2025-11-19 15:16:46Z INFO StepsRunner] Current state: job state = 'Failed'
[2025-11-19 15:16:46Z INFO StepsRunner] Processing step: DisplayName='Upload plot'
[2025-11-19 15:16:46Z INFO StepsRunner] Evaluating: success()
[2025-11-19 15:16:46Z INFO StepsRunner] Result: false
[2025-11-19 15:16:46Z INFO StepsRunner] Skipping step due to condition evaluation.
[2025-11-19 15:16:46Z INFO StepsRunner] No need for updating job result with current step result 'Skipped'.
[2025-11-19 15:16:46Z INFO StepsRunner] Current state: job state = 'Failed'
[2025-11-19 15:16:46Z INFO StepsRunner] Processing step: DisplayName='Upload model'
[2025-11-19 15:16:46Z INFO StepsRunner] Evaluating: success()
[2025-11-19 15:16:46Z INFO StepsRunner] Result: false
[2025-11-19 15:16:46Z INFO StepsRunner] Skipping step due to condition evaluation.
[2025-11-19 15:16:46Z INFO StepsRunner] No need for updating job result with current step result 'Skipped'.
[2025-11-19 15:16:46Z INFO StepsRunner] Current state: job state = 'Failed'
[2025-11-19 15:16:46Z INFO StepsRunner] Processing step: DisplayName='Post Set up Python'
[2025-11-19 15:16:46Z INFO StepsRunner] Evaluating: success()
[2025-11-19 15:16:46Z INFO StepsRunner] Result: false
[2025-11-19 15:16:46Z INFO StepsRunner] Skipping step due to condition evaluation.
[2025-11-19 15:16:46Z INFO StepsRunner] No need for updating job result with current step result 'Skipped'.
[2025-11-19 15:16:46Z INFO StepsRunner] Current state: job state = 'Failed'
[2025-11-19 15:16:46Z INFO StepsRunner] Processing step: DisplayName='Post Checkout code'
[2025-11-19 15:16:46Z INFO StepsRunner] Evaluating: always()
[2025-11-19 15:16:46Z INFO StepsRunner] Result: true
[2025-11-19 15:16:46Z INFO StepsRunner] Starting the step.
[2025-11-19 15:16:46Z INFO HostContext] Well known directory 'Bin': 'C:\Users\Alumno\Downloads\lab_microp\Laboratorio-Microprocesadores\actions-runner\bin'
[2025-11-19 15:16:46Z INFO HostContext] Well known directory 'Root': 'C:\Users\Alumno\Downloads\lab_microp\Laboratorio-Microprocesadores\actions-runner'
[2025-11-19 15:16:46Z INFO HostContext] Well known directory 'Work': 'C:\Users\Alumno\Downloads\lab_microp\Laboratorio-Microprocesadores\actions-runner\_work'
[2025-11-19 15:16:46Z INFO StepsRunner] Which2: 'chcp'
[2025-11-19 15:16:46Z INFO StepsRunner] Location: 'C:\WINDOWS\system32\chcp.COM'
[2025-11-19 15:16:46Z INFO ProcessInvokerWrapper] Starting process:
[2025-11-19 15:16:46Z INFO ProcessInvokerWrapper]   File name: 'C:\WINDOWS\system32\chcp.COM'
[2025-11-19 15:16:46Z INFO ProcessInvokerWrapper]   Arguments: '65001'
[2025-11-19 15:16:46Z INFO ProcessInvokerWrapper]   Working directory: 'C:\Users\Alumno\Downloads\lab_microp\Laboratorio-Microprocesadores\actions-runner\_work'
[2025-11-19 15:16:46Z INFO ProcessInvokerWrapper]   Require exit code zero: 'False'
[2025-11-19 15:16:46Z INFO ProcessInvokerWrapper]   Encoding web name:  ; code page: ''
[2025-11-19 15:16:46Z INFO ProcessInvokerWrapper]   Force kill process on cancellation: 'False'
[2025-11-19 15:16:46Z INFO ProcessInvokerWrapper]   Redirected STDIN: 'False'
[2025-11-19 15:16:46Z INFO ProcessInvokerWrapper]   Persist current code page: 'True'
[2025-11-19 15:16:46Z INFO ProcessInvokerWrapper]   Keep redirected STDIN open: 'False'
[2025-11-19 15:16:46Z INFO ProcessInvokerWrapper]   High priority process: 'False'
[2025-11-19 15:16:46Z INFO ProcessInvokerWrapper] Process started with process id 17860, waiting for process exit.
[2025-11-19 15:16:46Z INFO ProcessInvokerWrapper] STDOUT/STDERR stream read finished.
[2025-11-19 15:16:46Z INFO ProcessInvokerWrapper] STDOUT/STDERR stream read finished.
[2025-11-19 15:16:46Z INFO ProcessInvokerWrapper] Finished process 17860 with exit code 0, and elapsed time 00:00:00.0176463.
[2025-11-19 15:16:46Z INFO StepsRunner] Successfully returned to code page 65001 (UTF8)
[2025-11-19 15:16:46Z INFO HostContext] Well known directory 'Bin': 'C:\Users\Alumno\Downloads\lab_microp\Laboratorio-Microprocesadores\actions-runner\bin'
[2025-11-19 15:16:46Z INFO HostContext] Well known directory 'Root': 'C:\Users\Alumno\Downloads\lab_microp\Laboratorio-Microprocesadores\actions-runner'
[2025-11-19 15:16:46Z INFO HostContext] Well known directory 'Work': 'C:\Users\Alumno\Downloads\lab_microp\Laboratorio-Microprocesadores\actions-runner\_work'
[2025-11-19 15:16:46Z INFO HostContext] Well known directory 'Actions': 'C:\Users\Alumno\Downloads\lab_microp\Laboratorio-Microprocesadores\actions-runner\_work\_actions'
[2025-11-19 15:16:46Z INFO ActionManager] Load action that reference repository from 'C:\Users\Alumno\Downloads\lab_microp\Laboratorio-Microprocesadores\actions-runner\_work\_actions\actions\checkout\v3'
[2025-11-19 15:16:46Z INFO HostContext] Well known directory 'Bin': 'C:\Users\Alumno\Downloads\lab_microp\Laboratorio-Microprocesadores\actions-runner\bin'
[2025-11-19 15:16:46Z INFO HostContext] Well known directory 'Root': 'C:\Users\Alumno\Downloads\lab_microp\Laboratorio-Microprocesadores\actions-runner'
[2025-11-19 15:16:46Z INFO HostContext] Well known directory 'Work': 'C:\Users\Alumno\Downloads\lab_microp\Laboratorio-Microprocesadores\actions-runner\_work'
[2025-11-19 15:16:46Z INFO HostContext] Well known directory 'Actions': 'C:\Users\Alumno\Downloads\lab_microp\Laboratorio-Microprocesadores\actions-runner\_work\_actions'
[2025-11-19 15:16:46Z INFO ActionManifestManager] Loaded action.yml file: {
  "name": "Checkout",
  "description": "Checkout a Git repository at a particular version",
  "inputs": {
    "type": 2,
    "map": [
      {
        "key": {
          "type": 0,
          "file": 2,
          "line": 4,
          "col": 3,
          "lit": "repository"
        },
        "value": {
          "type": 3,
          "file": 2,
          "line": 6,
          "col": 14,
          "expr": "github.repository"
        }
      },
      {
        "key": {
          "type": 0,
          "file": 2,
          "line": 7,
          "col": 3,
          "lit": "ref"
        },
        "value": ""
      },
      {
        "key": {
          "type": 0,
          "file": 2,
          "line": 12,
          "col": 3,
          "lit": "token"
        },
        "value": {
          "type": 3,
          "file": 2,
          "line": 24,
          "col": 14,
          "expr": "github.token"
        }
      },
      {
        "key": {
          "type": 0,
          "file": 2,
          "line": 25,
          "col": 3,
          "lit": "ssh-key"
        },
        "value": ""
      },
      {
        "key": {
          "type": 0,
          "file": 2,
          "line": 37,
          "col": 3,
          "lit": "ssh-known-hosts"
        },
        "value": ""
      },
      {
        "key": {
          "type": 0,
          "file": 2,
          "line": 42,
          "col": 3,
          "lit": "ssh-strict"
        },
        "value": {
          "type": 0,
          "file": 2,
          "line": 47,
          "col": 14,
          "lit": "true"
        }
      },
      {
        "key": {
          "type": 0,
          "file": 2,
          "line": 48,
          "col": 3,
          "lit": "persist-credentials"
        },
        "value": {
          "type": 0,
          "file": 2,
          "line": 50,
          "col": 14,
          "lit": "true"
        }
      },
      {
        "key": {
          "type": 0,
          "file": 2,
          "line": 51,
          "col": 3,
          "lit": "path"
        },
        "value": ""
      },
      {
        "key": {
          "type": 0,
          "file": 2,
          "line": 53,
          "col": 3,
          "lit": "clean"
        },
        "value": {
          "type": 0,
          "file": 2,
          "line": 55,
          "col": 14,
          "lit": "true"
        }
      },
      {
        "key": {
          "type": 0,
          "file": 2,
          "line": 56,
          "col": 3,
          "lit": "sparse-checkout"
        },
        "value": {
          "type": 0,
          "file": 2,
          "line": 60,
          "col": 14,
          "lit": ""
        }
      },
      {
        "key": {
          "type": 0,
          "file": 2,
          "line": 61,
          "col": 3,
          "lit": "sparse-checkout-cone-mode"
        },
        "value": {
          "type": 0,
          "file": 2,
          "line": 64,
          "col": 14,
          "lit": "true"
        }
      },
      {
        "key": {
          "type": 0,
          "file": 2,
          "line": 65,
          "col": 3,
          "lit": "fetch-depth"
        },
        "value": {
          "type": 0,
          "file": 2,
          "line": 67,
          "col": 14,
          "lit": "1"
        }
      },
      {
        "key": {
          "type": 0,
          "file": 2,
          "line": 68,
          "col": 3,
          "lit": "fetch-tags"
        },
        "value": {
          "type": 0,
          "file": 2,
          "line": 70,
          "col": 14,
          "lit": "false"
        }
      },
      {
        "key": {
          "type": 0,
          "file": 2,
          "line": 71,
          "col": 3,
          "lit": "lfs"
        },
        "value": {
          "type": 0,
          "file": 2,
          "line": 73,
          "col": 14,
          "lit": "false"
        }
      },
      {
        "key": {
          "type": 0,
          "file": 2,
          "line": 74,
          "col": 3,
          "lit": "submodules"
        },
        "value": {
          "type": 0,
          "file": 2,
          "line": 82,
          "col": 14,
          "lit": "false"
        }
      },
      {
        "key": {
          "type": 0,
          "file": 2,
          "line": 83,
          "col": 3,
          "lit": "set-safe-directory"
        },
        "value": {
          "type": 0,
          "file": 2,
          "line": 85,
          "col": 14,
          "lit": "true"
        }
      },
      {
        "key": {
          "type": 0,
          "file": 2,
          "line": 86,
          "col": 3,
          "lit": "github-server-url"
        },
        "value": ""
      }
    ]
  },
  "execution": {
    "executionType": "nodeJS",
    "hasPre": false,
    "hasPost": true,
    "script": "dist/index.js",
    "pre": null,
    "post": "dist/index.js",
    "nodeVersion": "node16",
    "cleanupCondition": "always()",
    "initCondition": "always()"
  },
  "deprecated": null
}
[2025-11-19 15:16:46Z INFO ActionManager] Action pre node.js file: N/A.
[2025-11-19 15:16:46Z INFO ActionManager] Action node.js file: dist/index.js.
[2025-11-19 15:16:46Z INFO ActionManager] Action post node.js file: dist/index.js.
[2025-11-19 15:16:46Z INFO HostContext] Well known directory 'Bin': 'C:\Users\Alumno\Downloads\lab_microp\Laboratorio-Microprocesadores\actions-runner\bin'
[2025-11-19 15:16:46Z INFO HostContext] Well known directory 'Root': 'C:\Users\Alumno\Downloads\lab_microp\Laboratorio-Microprocesadores\actions-runner'
[2025-11-19 15:16:46Z INFO HostContext] Well known directory 'Work': 'C:\Users\Alumno\Downloads\lab_microp\Laboratorio-Microprocesadores\actions-runner\_work'
[2025-11-19 15:16:46Z INFO HostContext] Well known directory 'Temp': 'C:\Users\Alumno\Downloads\lab_microp\Laboratorio-Microprocesadores\actions-runner\_work\_temp'
[2025-11-19 15:16:46Z INFO ExecutionContext] Write event payload to C:\Users\Alumno\Downloads\lab_microp\Laboratorio-Microprocesadores\actions-runner\_work\_temp\_github_workflow\event.json
[2025-11-19 15:16:46Z INFO HostContext] Well known directory 'Bin': 'C:\Users\Alumno\Downloads\lab_microp\Laboratorio-Microprocesadores\actions-runner\bin'
[2025-11-19 15:16:46Z INFO HostContext] Well known directory 'Root': 'C:\Users\Alumno\Downloads\lab_microp\Laboratorio-Microprocesadores\actions-runner'
[2025-11-19 15:16:46Z INFO HostContext] Well known directory 'Work': 'C:\Users\Alumno\Downloads\lab_microp\Laboratorio-Microprocesadores\actions-runner\_work'
[2025-11-19 15:16:46Z INFO HostContext] Well known directory 'Temp': 'C:\Users\Alumno\Downloads\lab_microp\Laboratorio-Microprocesadores\actions-runner\_work\_temp'
[2025-11-19 15:16:46Z INFO ExtensionManager] Getting extensions for interface: 'GitHub.Runner.Worker.IFileCommandExtension'
[2025-11-19 15:16:46Z INFO ActionManifestManager] Input 'repository': default value evaluate result: {
  "type": 0,
  "file": 2,
  "line": 6,
  "col": 14,
  "lit": "KakinSas/Laboratorio-Microprocesadores"
}
[2025-11-19 15:16:46Z INFO ActionManifestManager] Input 'ref': default value evaluate result: ""
[2025-11-19 15:16:46Z INFO ActionManifestManager] Input 'token': default value evaluate result: {
  "type": 0,
  "file": 2,
  "line": 24,
  "col": 14,
  "lit": "***"
}
[2025-11-19 15:16:46Z INFO ActionManifestManager] Input 'ssh-key': default value evaluate result: ""
[2025-11-19 15:16:46Z INFO ActionManifestManager] Input 'ssh-known-hosts': default value evaluate result: ""
[2025-11-19 15:16:46Z INFO ActionManifestManager] Input 'ssh-strict': default value evaluate result: {
  "type": 0,
  "file": 2,
  "line": 47,
  "col": 14,
  "lit": "true"
}
[2025-11-19 15:16:46Z INFO ActionManifestManager] Input 'persist-credentials': default value evaluate result: {
  "type": 0,
  "file": 2,
  "line": 50,
  "col": 14,
  "lit": "true"
}
[2025-11-19 15:16:46Z INFO ActionManifestManager] Input 'path': default value evaluate result: ""
[2025-11-19 15:16:46Z INFO ActionManifestManager] Input 'clean': default value evaluate result: {
  "type": 0,
  "file": 2,
  "line": 55,
  "col": 14,
  "lit": "true"
}
[2025-11-19 15:16:46Z INFO ActionManifestManager] Input 'sparse-checkout': default value evaluate result: {
  "type": 0,
  "file": 2,
  "line": 60,
  "col": 14,
  "lit": ""
}
[2025-11-19 15:16:46Z INFO ActionManifestManager] Input 'sparse-checkout-cone-mode': default value evaluate result: {
  "type": 0,
  "file": 2,
  "line": 64,
  "col": 14,
  "lit": "true"
}
[2025-11-19 15:16:46Z INFO ActionManifestManager] Input 'fetch-depth': default value evaluate result: {
  "type": 0,
  "file": 2,
  "line": 67,
  "col": 14,
  "lit": "1"
}
[2025-11-19 15:16:46Z INFO ActionManifestManager] Input 'fetch-tags': default value evaluate result: {
  "type": 0,
  "file": 2,
  "line": 70,
  "col": 14,
  "lit": "false"
}
[2025-11-19 15:16:46Z INFO ActionManifestManager] Input 'lfs': default value evaluate result: {
  "type": 0,
  "file": 2,
  "line": 73,
  "col": 14,
  "lit": "false"
}
[2025-11-19 15:16:46Z INFO ActionManifestManager] Input 'submodules': default value evaluate result: {
  "type": 0,
  "file": 2,
  "line": 82,
  "col": 14,
  "lit": "false"
}
[2025-11-19 15:16:46Z INFO ActionManifestManager] Input 'set-safe-directory': default value evaluate result: {
  "type": 0,
  "file": 2,
  "line": 85,
  "col": 14,
  "lit": "true"
}
[2025-11-19 15:16:46Z INFO ActionManifestManager] Input 'github-server-url': default value evaluate result: ""
[2025-11-19 15:16:46Z INFO ExtensionManager] Getting extensions for interface: 'GitHub.Runner.Worker.IActionCommandExtension'
[2025-11-19 15:16:46Z INFO ActionCommandManager] Register action command extension for command internal-set-repo-path
[2025-11-19 15:16:46Z INFO ActionCommandManager] Register action command extension for command set-env
[2025-11-19 15:16:46Z INFO ActionCommandManager] Register action command extension for command set-output
[2025-11-19 15:16:46Z INFO ActionCommandManager] Register action command extension for command save-state
[2025-11-19 15:16:46Z INFO ActionCommandManager] Register action command extension for command add-path
[2025-11-19 15:16:46Z INFO ActionCommandManager] Register action command extension for command add-mask
[2025-11-19 15:16:46Z INFO ActionCommandManager] Register action command extension for command add-matcher
[2025-11-19 15:16:46Z INFO ActionCommandManager] Register action command extension for command remove-matcher
[2025-11-19 15:16:46Z INFO ActionCommandManager] Register action command extension for command warning
[2025-11-19 15:16:46Z INFO ActionCommandManager] Register action command extension for command error
[2025-11-19 15:16:46Z INFO ActionCommandManager] Register action command extension for command notice
[2025-11-19 15:16:46Z INFO ActionCommandManager] Register action command extension for command debug
[2025-11-19 15:16:46Z INFO ActionCommandManager] Register action command extension for command group
[2025-11-19 15:16:46Z INFO ActionCommandManager] Register action command extension for command endgroup
[2025-11-19 15:16:46Z INFO ActionCommandManager] Register action command extension for command echo
[2025-11-19 15:16:46Z INFO HostContext] Well known directory 'Bin': 'C:\Users\Alumno\Downloads\lab_microp\Laboratorio-Microprocesadores\actions-runner\bin'
[2025-11-19 15:16:46Z INFO HostContext] Well known directory 'Root': 'C:\Users\Alumno\Downloads\lab_microp\Laboratorio-Microprocesadores\actions-runner'
[2025-11-19 15:16:46Z INFO HostContext] Well known directory 'Externals': 'C:\Users\Alumno\Downloads\lab_microp\Laboratorio-Microprocesadores\actions-runner\externals'
[2025-11-19 15:16:46Z INFO ProcessInvokerWrapper] Starting process:
[2025-11-19 15:16:46Z INFO ProcessInvokerWrapper]   File name: 'C:\Users\Alumno\Downloads\lab_microp\Laboratorio-Microprocesadores\actions-runner\externals\node20\bin\node.exe'
[2025-11-19 15:16:46Z INFO ProcessInvokerWrapper]   Arguments: '"C:\Users\Alumno\Downloads\lab_microp\Laboratorio-Microprocesadores\actions-runner\_work\_actions\actions\checkout\v3\dist/index.js"'
[2025-11-19 15:16:46Z INFO ProcessInvokerWrapper]   Working directory: 'C:\Users\Alumno\Downloads\lab_microp\Laboratorio-Microprocesadores\actions-runner\_work\Laboratorio-Microprocesadores\Laboratorio-Microprocesadores'
[2025-11-19 15:16:46Z INFO ProcessInvokerWrapper]   Require exit code zero: 'False'
[2025-11-19 15:16:46Z INFO ProcessInvokerWrapper]   Encoding web name: utf-8 ; code page: '65001'
[2025-11-19 15:16:46Z INFO ProcessInvokerWrapper]   Force kill process on cancellation: 'False'
[2025-11-19 15:16:46Z INFO ProcessInvokerWrapper]   Redirected STDIN: 'False'
[2025-11-19 15:16:46Z INFO ProcessInvokerWrapper]   Persist current code page: 'True'
[2025-11-19 15:16:46Z INFO ProcessInvokerWrapper]   Keep redirected STDIN open: 'False'
[2025-11-19 15:16:46Z INFO ProcessInvokerWrapper]   High priority process: 'False'
[2025-11-19 15:16:46Z INFO ProcessInvokerWrapper] Process started with process id 21344, waiting for process exit.
[2025-11-19 15:16:46Z INFO JobServerQueue] Try to upload 1 log files or attachments, success rate: 1/1.
[2025-11-19 15:16:47Z INFO JobServerQueue] Try to append 1 batches web console lines for record '7028c0fa-da7c-42c6-9b16-73dded7786ab', success rate: 1/1.
[2025-11-19 15:16:47Z INFO JobServerQueue] Try to append 1 batches web console lines for record '39a3c534-632c-4641-9a96-140bf6289f1a', success rate: 1/1.
[2025-11-19 15:16:47Z INFO AddMaskCommandExtension] Add new secret mask with length of 32
[2025-11-19 15:16:47Z INFO JobServerQueue] Try to append 1 batches web console lines for record '39a3c534-632c-4641-9a96-140bf6289f1a', success rate: 1/1.
[2025-11-19 15:16:47Z INFO JobServerQueue] Got a step log file to send to results service.
[2025-11-19 15:16:47Z INFO JobServerQueue] Starting upload of step log file to results service ResultsLog, C:\Users\Alumno\Downloads\lab_microp\Laboratorio-Microprocesadores\actions-runner\_diag\blocks\d4d76ce4-b84d-42f7-9276-f092f59238fa_7028c0fa-da7c-42c6-9b16-73dded7786ab.1
[2025-11-19 15:16:48Z INFO JobServerQueue] Tried to upload 1 file(s) to results, success rate: 1/1.
[2025-11-19 15:16:48Z INFO HostContext] Well known directory 'Bin': 'C:\Users\Alumno\Downloads\lab_microp\Laboratorio-Microprocesadores\actions-runner\bin'
[2025-11-19 15:16:48Z INFO HostContext] Well known directory 'Root': 'C:\Users\Alumno\Downloads\lab_microp\Laboratorio-Microprocesadores\actions-runner'
[2025-11-19 15:16:48Z INFO HostContext] Well known directory 'Work': 'C:\Users\Alumno\Downloads\lab_microp\Laboratorio-Microprocesadores\actions-runner\_work'
[2025-11-19 15:16:49Z INFO JobServerQueue] Try to append 1 batches web console lines for record '39a3c534-632c-4641-9a96-140bf6289f1a', success rate: 1/1.
[2025-11-19 15:16:51Z INFO ProcessInvokerWrapper] STDOUT/STDERR stream read finished.
[2025-11-19 15:16:51Z INFO ProcessInvokerWrapper] STDOUT/STDERR stream read finished.
[2025-11-19 15:16:51Z INFO ProcessInvokerWrapper] Finished process 21344 with exit code 0, and elapsed time 00:00:04.2850691.
[2025-11-19 15:16:51Z INFO CreateStepSummaryCommand] Step Summary file (C:\Users\Alumno\Downloads\lab_microp\Laboratorio-Microprocesadores\actions-runner\_work\_temp\_runner_file_commands\step_summary_15bc280c-971c-471d-bb1a-a78439bdb5ee) is empty; skipping attachment upload
[2025-11-19 15:16:51Z INFO StepsRunner] Step result: 
[2025-11-19 15:16:51Z INFO ExecutionContext] Publish step telemetry for current step {
  "action": "actions/checkout",
  "ref": "v3",
  "type": "node20",
  "stage": "Post",
  "stepId": "39a3c534-632c-4641-9a96-140bf6289f1a",
  "result": "succeeded",
  "errorMessages": [],
  "executionTimeInSeconds": 5,
  "startTime": "2025-11-19T15:16:46.7959494Z",
  "finishTime": "2025-11-19T15:16:51.146635Z"
}.
[2025-11-19 15:16:51Z INFO StepsRunner] No need for updating job result with current step result 'Succeeded'.
[2025-11-19 15:16:51Z INFO StepsRunner] Current state: job state = 'Failed'
[2025-11-19 15:16:51Z INFO JobRunner] Finalize job.
[2025-11-19 15:16:51Z INFO HostContext] Well known directory 'Bin': 'C:\Users\Alumno\Downloads\lab_microp\Laboratorio-Microprocesadores\actions-runner\bin'
[2025-11-19 15:16:51Z INFO HostContext] Well known directory 'Root': 'C:\Users\Alumno\Downloads\lab_microp\Laboratorio-Microprocesadores\actions-runner'
[2025-11-19 15:16:51Z INFO HostContext] Well known directory 'Diag': 'C:\Users\Alumno\Downloads\lab_microp\Laboratorio-Microprocesadores\actions-runner\_diag'
[2025-11-19 15:16:51Z INFO HostContext] Well known directory 'Bin': 'C:\Users\Alumno\Downloads\lab_microp\Laboratorio-Microprocesadores\actions-runner\bin'
[2025-11-19 15:16:51Z INFO HostContext] Well known directory 'Root': 'C:\Users\Alumno\Downloads\lab_microp\Laboratorio-Microprocesadores\actions-runner'
[2025-11-19 15:16:51Z INFO HostContext] Well known directory 'Diag': 'C:\Users\Alumno\Downloads\lab_microp\Laboratorio-Microprocesadores\actions-runner\_diag'
[2025-11-19 15:16:51Z INFO JobExtension] Initialize Env context
[2025-11-19 15:16:51Z INFO JobExtension] Initialize steps context
[2025-11-19 15:16:51Z INFO JobExtension] Total accessible running process: 284.
[2025-11-19 15:16:51Z INFO JobExtension] Inspecting process environment variables. PID: 18148 (RuntimeBroker)
[2025-11-19 15:16:51Z INFO ExecutionContext] Publish step telemetry for current step {
  "action": "complete_job",
  "type": "runner",
  "stage": "Post",
  "stepId": "c90e077d-c6e0-4c47-910b-c97390a2ae96",
  "result": "succeeded",
  "errorMessages": [],
  "executionTimeInSeconds": 1,
  "startTime": "2025-11-19T15:16:51.1622094Z",
  "finishTime": "2025-11-19T15:16:51.20245Z"
}.
[2025-11-19 15:16:51Z INFO JobRunner] Job result after all job steps finish: Failed
[2025-11-19 15:16:51Z INFO JobServerQueue] Try to append 1 batches web console lines for record 'c90e077d-c6e0-4c47-910b-c97390a2ae96', success rate: 1/1.
[2025-11-19 15:16:51Z INFO JobRunner] Completing the job execution context.
[2025-11-19 15:16:51Z INFO JobRunner] Shutting down the job server queue.
[2025-11-19 15:16:51Z INFO JobServerQueue] Fire signal to shutdown all queues.
[2025-11-19 15:16:52Z INFO JobServerQueue] All queue process task stopped.
[2025-11-19 15:16:52Z INFO JobServerQueue] Web console line queue drained.
[2025-11-19 15:16:52Z INFO JobServerQueue] Uploading 3 files in one shot.
[2025-11-19 15:16:52Z INFO JobServerQueue] Try to upload 3 log files or attachments, success rate: 3/3.
[2025-11-19 15:16:52Z INFO JobServerQueue] File upload queue drained.
[2025-11-19 15:16:52Z INFO JobServerQueue] Starting results-based upload queue...
[2025-11-19 15:16:52Z INFO JobServerQueue] Uploading 3 file(s) in one shot through results service.
[2025-11-19 15:16:52Z INFO JobServerQueue] Got a step log file to send to results service.
[2025-11-19 15:16:52Z INFO JobServerQueue] Starting upload of step log file to results service ResultsLog, C:\Users\Alumno\Downloads\lab_microp\Laboratorio-Microprocesadores\actions-runner\_diag\blocks\d4d76ce4-b84d-42f7-9276-f092f59238fa_39a3c534-632c-4641-9a96-140bf6289f1a.1
[2025-11-19 15:16:52Z INFO JobServerQueue] Got a step log file to send to results service.
[2025-11-19 15:16:52Z INFO JobServerQueue] Starting upload of step log file to results service ResultsLog, C:\Users\Alumno\Downloads\lab_microp\Laboratorio-Microprocesadores\actions-runner\_diag\blocks\d4d76ce4-b84d-42f7-9276-f092f59238fa_c90e077d-c6e0-4c47-910b-c97390a2ae96.1
[2025-11-19 15:16:53Z INFO JobServerQueue] Got a job log file to send to results service.
[2025-11-19 15:16:53Z INFO JobServerQueue] Starting upload of job log file to results service ResultsLog, C:\Users\Alumno\Downloads\lab_microp\Laboratorio-Microprocesadores\actions-runner\_diag\blocks\d4d76ce4-b84d-42f7-9276-f092f59238fa_13c5037c-bf3d-5845-8114-f254ee2eb7fb.1
[2025-11-19 15:16:53Z INFO JobServerQueue] Tried to upload 3 file(s) to results, success rate: 3/3.
[2025-11-19 15:16:53Z INFO JobServerQueue] Results upload queue drained.
[2025-11-19 15:16:53Z INFO JobServerQueue] Timeline update queue drained.
[2025-11-19 15:16:53Z INFO JobServerQueue] Disposing job server ...
[2025-11-19 15:16:53Z INFO JobServerQueue] Disposing results server ...
[2025-11-19 15:16:53Z INFO JobServerQueue] All queue process tasks have been stopped, and all queues are drained.
[2025-11-19 15:16:53Z INFO TempDirectoryManager] Cleaning runner temp folder: C:\Users\Alumno\Downloads\lab_microp\Laboratorio-Microprocesadores\actions-runner\_work\_temp
[2025-11-19 15:16:53Z INFO HostContext] Well known directory 'Bin': 'C:\Users\Alumno\Downloads\lab_microp\Laboratorio-Microprocesadores\actions-runner\bin'
[2025-11-19 15:16:53Z INFO HostContext] Well known directory 'Root': 'C:\Users\Alumno\Downloads\lab_microp\Laboratorio-Microprocesadores\actions-runner'
[2025-11-19 15:16:53Z INFO HostContext] Well known directory 'Diag': 'C:\Users\Alumno\Downloads\lab_microp\Laboratorio-Microprocesadores\actions-runner\_diag'
[2025-11-19 15:16:53Z INFO HostContext] Well known config file 'Telemetry': 'C:\Users\Alumno\Downloads\lab_microp\Laboratorio-Microprocesadores\actions-runner\_diag\.telemetry'
[2025-11-19 15:16:53Z INFO JobRunner] Raising job completed against run service
[2025-11-19 15:16:54Z INFO Worker] Job completed.
